symbol,security_name,gics_sector,gics_sub_industry,headquarters,date_added_index,cik,founded,source,as_of_utc
MMM,3M,Industrials,Industrial Conglomerates,"Saint Paul, Minnesota",1957-03-04,0000066740,1902,https://en.wikipedia.org/wiki/List_of_S%26P_500_companies,2026-05-09T17:29:17Z
AOS,A. O. Smith,Industrials,Building Products,"Milwaukee, Wisconsin",2017-07-26,0000091142,1916,https://en.wikipedia.org/wiki/List_of_S%26P_500_companies,2026-05-09T17:29:17Z
ABT,Abbott Laboratories,Health Care,Health Care Equipment,"North Chicago, Illinois",1957-03-04,0000001800,1888,https://en.wikipedia.org/wiki/List_of_S%26P_500_companies,2026-05-09T17:29:17Z
ABBV,AbbVie,Health Care,Biotechnology,"North Chicago, Illinois",2012-12-31,0001551152,2013 (1888),https://en.wikipedia.org/wiki/List_of_S%26P_500_companies,2026-05-09T17:29:17Z
ACN,Accenture,Information Technology,IT Consulting & Other Services,"Dublin, Ireland",2011-07-06,0001467373,1989,https://en.wikipedia.org/wiki/List_of_S%26P_500_companies,2026-05-09T17:29:17Z
ADBE,Adobe Inc.,Information Technology,Application Software,"San Jose, California",1997-05-05,0000796343,1982,https://en.wikipedia.org/wiki/List_of_S%26P_500_companies,2026-05-09T17:29:17Z
AMD,Advanced Micro Devices,Information Technology,Semiconductors,"Santa Clara, California",2017-03-20,0000002488,1969,https://en.wikipedia.org/wiki/List_of_S%26P_500_companies,2026-05-09T17:29:17Z
AES,AES Corporation,Utilities,Independent Power Producers & Energy Traders,"Arlington, Virginia",1998-10-02,0000874761,1981,https://en.wikipedia.org/wiki/List_of_S%26P_500_companies,2026-05-09T17:29:17Z
AFL,Aflac,Financials,Life & Health Insurance,"Columbus, Georgia",1999-05-28,0000004977,1955,https://en.wikipedia.org/wiki/List_of_S%26P_500_companies,2026-05-09T17:29:17Z
A,Agilent Technologies,Health Care,Life Sciences Tools & Services,"Santa Clara, California",2000-06-05,0001090872,1999,https://en.wikipedia.org/wiki/List_of_S%26P_500_companies,2026-05-09T17:29:17Z
APD,Air Products,Materials,Industrial Gases,"Upper Macungie Township, Pennsylvania",1985-04-30,0000002969,1940,https://en.wikipedia.org/wiki/List_of_S%26P_500_companies,2026-05-09T17:29:17Z
ABNB,Airbnb,Consumer Discretionary,"Hotels, Resorts & Cruise Lines","San Francisco, California",2023-09-18,0001559720,2008,https://en.wikipedia.org/wiki/List_of_S%26P_500_companies,2026-05-09T17:29:17Z
AKAM,Akamai Technologies,Information Technology,Internet Services & Infrastructure,"Cambridge, Massachusetts",2007-07-12,0001086222,1998,https://en.wikipedia.org/wiki/List_of_S%26P_500_companies,2026-05-09T17:29:17Z
ALB,Albemarle Corporation,Materials,Specialty Chemicals,"Charlotte, North Carolina",2016-07-01,0000915913,1994,https://en.wikipedia.org/wiki/List_of_S%26P_500_companies,2026-05-09T17:29:17Z
ARE,Alexandria Real Estate Equities,Real Estate,Office REITs,"Pasadena, California",2017-03-20,0001035443,1994,https://en.wikipedia.org/wiki/List_of_S%26P_500_companies,2026-05-09T17:29:17Z
ALGN,Align Technology,Health Care,Health Care Supplies,"Tempe, Arizona",2017-06-19,0001097149,1997,https://en.wikipedia.org/wiki/List_of_S%26P_500_companies,2026-05-09T17:29:17Z
ALLE,Allegion,Industrials,Building Products,"Dublin, Ireland",2013-12-02,0001579241,1908,https://en.wikipedia.org/wiki/List_of_S%26P_500_companies,2026-05-09T17:29:17Z
LNT,Alliant Energy,Utilities,Electric Utilities,"Madison, Wisconsin",2016-07-01,0000352541,1917,https://en.wikipedia.org/wiki/List_of_S%26P_500_companies,2026-05-09T17:29:17Z
ALL,Allstate,Financials,Property & Casualty Insurance,"Northbrook, Illinois",1995-07-13,0000899051,1931,https://en.wikipedia.org/wiki/List_of_S%26P_500_companies,2026-05-09T17:29:17Z
GOOGL,Alphabet Inc.(Class A),Communication Services,Interactive Media & Services,"Mountain View, California",2006-04-03,0001652044,1998,https://en.wikipedia.org/wiki/List_of_S%26P_500_companies,2026-05-09T17:29:17Z
GOOG,Alphabet Inc.(Class C),Communication Services,Interactive Media & Services,"Mountain View, California",2014-04-03,0001652044,1998,https://en.wikipedia.org/wiki/List_of_S%26P_500_companies,2026-05-09T17:29:17Z
MO,Altria,Consumer Staples,Tobacco,"Richmond, Virginia",1957-03-04,0000764180,1985,https://en.wikipedia.org/wiki/List_of_S%26P_500_companies,2026-05-09T17:29:17Z
AMZN,Amazon,Consumer Discretionary,Broadline Retail,"Seattle, Washington",2005-11-18,0001018724,1994,https://en.wikipedia.org/wiki/List_of_S%26P_500_companies,2026-05-09T17:29:17Z
AMCR,Amcor,Materials,Paper & Plastic Packaging Products & Materials,"Warmley,Bristol, United Kingdom",2019-06-07,0001748790,2019 (1860),https://en.wikipedia.org/wiki/List_of_S%26P_500_companies,2026-05-09T17:29:17Z
AEE,Ameren,Utilities,Multi-Utilities,"St. Louis, Missouri",1991-09-19,0001002910,1902,https://en.wikipedia.org/wiki/List_of_S%26P_500_companies,2026-05-09T17:29:17Z
AEP,American Electric Power,Utilities,Electric Utilities,"Columbus, Ohio",1957-03-04,0000004904,1906,https://en.wikipedia.org/wiki/List_of_S%26P_500_companies,2026-05-09T17:29:17Z
AXP,American Express,Financials,Consumer Finance,"New York City, New York",1976-06-30,0000004962,1850,https://en.wikipedia.org/wiki/List_of_S%26P_500_companies,2026-05-09T17:29:17Z
AIG,American International Group,Financials,Multi-line Insurance,"New York City, New York",1980-03-31,0000005272,1919,https://en.wikipedia.org/wiki/List_of_S%26P_500_companies,2026-05-09T17:29:17Z
AMT,American Tower,Real Estate,Telecom Tower REITs,"Boston, Massachusetts",2007-11-19,0001053507,1995,https://en.wikipedia.org/wiki/List_of_S%26P_500_companies,2026-05-09T17:29:17Z
AWK,American Water Works,Utilities,Water Utilities,"Camden, New Jersey",2016-03-04,0001410636,1886,https://en.wikipedia.org/wiki/List_of_S%26P_500_companies,2026-05-09T17:29:17Z
AMP,Ameriprise Financial,Financials,Asset Management & Custody Banks,"Minneapolis, Minnesota",2005-10-03,0000820027,1894,https://en.wikipedia.org/wiki/List_of_S%26P_500_companies,2026-05-09T17:29:17Z
AME,Ametek,Industrials,Electrical Components & Equipment,"Berwyn, Pennsylvania",2013-09-23,0001037868,1930,https://en.wikipedia.org/wiki/List_of_S%26P_500_companies,2026-05-09T17:29:17Z
AMGN,Amgen,Health Care,Biotechnology,"Thousand Oaks, California",1992-01-02,0000318154,1980,https://en.wikipedia.org/wiki/List_of_S%26P_500_companies,2026-05-09T17:29:17Z
APH,Amphenol,Information Technology,Electronic Components,"Wallingford, Connecticut",2008-09-30,0000820313,1932,https://en.wikipedia.org/wiki/List_of_S%26P_500_companies,2026-05-09T17:29:17Z
ADI,Analog Devices,Information Technology,Semiconductors,"Wilmington, Massachusetts",1999-10-12,0000006281,1965,https://en.wikipedia.org/wiki/List_of_S%26P_500_companies,2026-05-09T17:29:17Z
AON,Aon plc,Financials,Insurance Brokers,"London, United Kingdom",1996-04-23,0000315293,1982 (1919),https://en.wikipedia.org/wiki/List_of_S%26P_500_companies,2026-05-09T17:29:17Z
APA,APA Corporation,Energy,Oil & Gas Exploration & Production,"Houston, Texas",1997-07-28,0001841666,1954,https://en.wikipedia.org/wiki/List_of_S%26P_500_companies,2026-05-09T17:29:17Z
APO,Apollo Global Management,Financials,Asset Management & Custody Banks,"New York City, New York",2024-12-23,0001858681,1990,https://en.wikipedia.org/wiki/List_of_S%26P_500_companies,2026-05-09T17:29:17Z
AAPL,Apple Inc.,Information Technology,"Technology Hardware, Storage & Peripherals","Cupertino, California",1982-11-30,0000320193,1977,https://en.wikipedia.org/wiki/List_of_S%26P_500_companies,2026-05-09T17:29:17Z
AMAT,Applied Materials,Information Technology,Semiconductor Materials & Equipment,"Santa Clara, California",1995-03-16,0000006951,1967,https://en.wikipedia.org/wiki/List_of_S%26P_500_companies,2026-05-09T17:29:17Z
APP,AppLovin,Information Technology,Application Software,"Palo Alto, California",2025-09-22,0001751008,2012,https://en.wikipedia.org/wiki/List_of_S%26P_500_companies,2026-05-09T17:29:17Z
APTV,Aptiv,Consumer Discretionary,Automotive Parts & Equipment,"Schaffhausen, Switzerland",2012-12-24,0001521332,1994,https://en.wikipedia.org/wiki/List_of_S%26P_500_companies,2026-05-09T17:29:17Z
ACGL,Arch Capital Group,Financials,Property & Casualty Insurance,"Hamilton, Bermuda",2022-11-01,0000947484,1995,https://en.wikipedia.org/wiki/List_of_S%26P_500_companies,2026-05-09T17:29:17Z
ADM,Archer Daniels Midland,Consumer Staples,Agricultural Products & Services,"Chicago, Illinois",1957-03-04,0000007084,1902,https://en.wikipedia.org/wiki/List_of_S%26P_500_companies,2026-05-09T17:29:17Z
ARES,Ares Management,Financials,Asset Management & Custody Banks,"Los Angeles, California",2025-12-11,0001176948,1977,https://en.wikipedia.org/wiki/List_of_S%26P_500_companies,2026-05-09T17:29:17Z
ANET,Arista Networks,Information Technology,Communications Equipment,"Santa Clara, California",2018-08-28,0001596532,2004,https://en.wikipedia.org/wiki/List_of_S%26P_500_companies,2026-05-09T17:29:17Z
AJG,Arthur J. Gallagher & Co.,Financials,Insurance Brokers,"Rolling Meadows, Illinois",2016-05-31,0000354190,1927,https://en.wikipedia.org/wiki/List_of_S%26P_500_companies,2026-05-09T17:29:17Z
AIZ,Assurant,Financials,Multi-line Insurance,"Atlanta, Georgia",2007-04-10,0001267238,1892,https://en.wikipedia.org/wiki/List_of_S%26P_500_companies,2026-05-09T17:29:17Z
T,AT&T,Communication Services,Integrated Telecommunication Services,"Dallas, Texas",1983-11-30,0000732717,1983 (1885),https://en.wikipedia.org/wiki/List_of_S%26P_500_companies,2026-05-09T17:29:17Z
ATO,Atmos Energy,Utilities,Gas Utilities,"Dallas, Texas",2019-02-15,0000731802,1906,https://en.wikipedia.org/wiki/List_of_S%26P_500_companies,2026-05-09T17:29:17Z
ADSK,Autodesk,Information Technology,Application Software,"San Francisco, California",1989-12-01,0000769397,1982,https://en.wikipedia.org/wiki/List_of_S%26P_500_companies,2026-05-09T17:29:17Z
ADP,Automatic Data Processing,Industrials,Human Resource & Employment Services,"Roseland, New Jersey",1981-03-31,0000008670,1949,https://en.wikipedia.org/wiki/List_of_S%26P_500_companies,2026-05-09T17:29:17Z
AZO,AutoZone,Consumer Discretionary,Automotive Retail,"Memphis, Tennessee",1997-01-02,0000866787,1979,https://en.wikipedia.org/wiki/List_of_S%26P_500_companies,2026-05-09T17:29:17Z
AVB,AvalonBay Communities,Real Estate,Multi-Family Residential REITs,"Arlington, Virginia",2007-01-10,0000915912,1978,https://en.wikipedia.org/wiki/List_of_S%26P_500_companies,2026-05-09T17:29:17Z
AVY,Avery Dennison,Materials,Paper & Plastic Packaging Products & Materials,"Mentor, Ohio",1987-12-31,0000008818,1935,https://en.wikipedia.org/wiki/List_of_S%26P_500_companies,2026-05-09T17:29:17Z
AXON,Axon Enterprise,Industrials,Aerospace & Defense,"Scottsdale, Arizona",2023-05-04,0001069183,1993,https://en.wikipedia.org/wiki/List_of_S%26P_500_companies,2026-05-09T17:29:17Z
BKR,Baker Hughes,Energy,Oil & Gas Equipment & Services,"Houston, Texas",2017-07-07,0001701605,2017,https://en.wikipedia.org/wiki/List_of_S%26P_500_companies,2026-05-09T17:29:17Z
BALL,Ball Corporation,Materials,"Metal, Glass & Plastic Containers","Broomfield, Colorado",1984-10-31,0000009389,1880,https://en.wikipedia.org/wiki/List_of_S%26P_500_companies,2026-05-09T17:29:17Z
BAC,Bank of America,Financials,Diversified Banks,"Charlotte, North Carolina",1976-06-30,0000070858,1998 (1923 / 1874),https://en.wikipedia.org/wiki/List_of_S%26P_500_companies,2026-05-09T17:29:17Z
BAX,Baxter International,Health Care,Health Care Equipment,"Deerfield, Illinois",1972-09-30,0000010456,1931,https://en.wikipedia.org/wiki/List_of_S%26P_500_companies,2026-05-09T17:29:17Z
BDX,Becton Dickinson,Health Care,Health Care Equipment,"Franklin Lakes, New Jersey",1972-09-30,0000010795,1897,https://en.wikipedia.org/wiki/List_of_S%26P_500_companies,2026-05-09T17:29:17Z
BRK.B,Berkshire Hathaway,Financials,Multi-Sector Holdings,"Omaha, Nebraska",2010-02-16,0001067983,1839,https://en.wikipedia.org/wiki/List_of_S%26P_500_companies,2026-05-09T17:29:17Z
BBY,Best Buy,Consumer Discretionary,Computer & Electronics Retail,"Richfield, Minnesota",1999-06-29,0000764478,1966,https://en.wikipedia.org/wiki/List_of_S%26P_500_companies,2026-05-09T17:29:17Z
TECH,Bio-Techne,Health Care,Life Sciences Tools & Services,"Minneapolis, Minnesota",2021-08-30,0000842023,1976,https://en.wikipedia.org/wiki/List_of_S%26P_500_companies,2026-05-09T17:29:17Z
BIIB,Biogen,Health Care,Biotechnology,"Cambridge, Massachusetts",2003-11-13,0000875045,1978,https://en.wikipedia.org/wiki/List_of_S%26P_500_companies,2026-05-09T17:29:17Z
BLK,BlackRock,Financials,Asset Management & Custody Banks,"New York City, New York",2011-04-04,0002012383,1988,https://en.wikipedia.org/wiki/List_of_S%26P_500_companies,2026-05-09T17:29:17Z
BX,Blackstone Inc.,Financials,Asset Management & Custody Banks,"New York City, New York",2023-09-18,0001393818,1985,https://en.wikipedia.org/wiki/List_of_S%26P_500_companies,2026-05-09T17:29:17Z
XYZ,"Block, Inc.",Financials,Transaction & Payment Processing Services,none,2025-07-23,0001512673,2009,https://en.wikipedia.org/wiki/List_of_S%26P_500_companies,2026-05-09T17:29:17Z
BK,BNY Mellon,Financials,Asset Management & Custody Banks,"New York City, New York",1995-03-31,0001390777,1784,https://en.wikipedia.org/wiki/List_of_S%26P_500_companies,2026-05-09T17:29:17Z
BA,Boeing,Industrials,Aerospace & Defense,"Arlington, Virginia",1957-03-04,0000012927,1916,https://en.wikipedia.org/wiki/List_of_S%26P_500_companies,2026-05-09T17:29:17Z
BKNG,Booking Holdings,Consumer Discretionary,"Hotels, Resorts & Cruise Lines","Norwalk, Connecticut",2009-11-06,0001075531,1996,https://en.wikipedia.org/wiki/List_of_S%26P_500_companies,2026-05-09T17:29:17Z
BSX,Boston Scientific,Health Care,Health Care Equipment,"Marlborough, Massachusetts",1995-02-24,0000885725,1979,https://en.wikipedia.org/wiki/List_of_S%26P_500_companies,2026-05-09T17:29:17Z
BMY,Bristol Myers Squibb,Health Care,Pharmaceuticals,"New York City, New York",1957-03-04,0000014272,1989 (1887),https://en.wikipedia.org/wiki/List_of_S%26P_500_companies,2026-05-09T17:29:17Z
AVGO,Broadcom,Information Technology,Semiconductors,"Palo Alto, California",2014-05-08,0001730168,1961,https://en.wikipedia.org/wiki/List_of_S%26P_500_companies,2026-05-09T17:29:17Z
BR,Broadridge Financial Solutions,Industrials,Data Processing & Outsourced Services,"Lake Success, New York",2018-06-18,0001383312,1962,https://en.wikipedia.org/wiki/List_of_S%26P_500_companies,2026-05-09T17:29:17Z
BRO,Brown & Brown,Financials,Insurance Brokers,"Daytona Beach, Florida",2021-09-20,0000079282,1939,https://en.wikipedia.org/wiki/List_of_S%26P_500_companies,2026-05-09T17:29:17Z
BF.B,Brown–Forman,Consumer Staples,Distillers & Vintners,"Louisville, Kentucky",1982-10-31,0000014693,1870,https://en.wikipedia.org/wiki/List_of_S%26P_500_companies,2026-05-09T17:29:17Z
BLDR,Builders FirstSource,Industrials,Building Products,"Irving, Texas",2023-12-18,0001316835,1998,https://en.wikipedia.org/wiki/List_of_S%26P_500_companies,2026-05-09T17:29:17Z
BG,Bunge Global,Consumer Staples,Agricultural Products & Services,"Chesterfield, Missouri",2023-03-15,0001996862,1818,https://en.wikipedia.org/wiki/List_of_S%26P_500_companies,2026-05-09T17:29:17Z
BXP,"BXP, Inc.",Real Estate,Office REITs,"Boston, Massachusetts",2006-04-03,0001037540,1970,https://en.wikipedia.org/wiki/List_of_S%26P_500_companies,2026-05-09T17:29:17Z
CHRW,C.H. Robinson,Industrials,Air Freight & Logistics,"Eden Prairie, Minnesota",2007-03-02,0001043277,1905,https://en.wikipedia.org/wiki/List_of_S%26P_500_companies,2026-05-09T17:29:17Z
CDNS,Cadence Design Systems,Information Technology,Application Software,"San Jose, California",2017-09-18,0000813672,1988,https://en.wikipedia.org/wiki/List_of_S%26P_500_companies,2026-05-09T17:29:17Z
CPT,Camden Property Trust,Real Estate,Multi-Family Residential REITs,"Houston, Texas",2022-04-04,0000906345,1981,https://en.wikipedia.org/wiki/List_of_S%26P_500_companies,2026-05-09T17:29:17Z
CPB,Campbell's Company (The),Consumer Staples,Packaged Foods & Meats,"Camden, New Jersey",1957-03-04,0000016732,1869,https://en.wikipedia.org/wiki/List_of_S%26P_500_companies,2026-05-09T17:29:17Z
COF,Capital One,Financials,Consumer Finance,"Tysons Corner, Virginia",1998-07-01,0000927628,1994,https://en.wikipedia.org/wiki/List_of_S%26P_500_companies,2026-05-09T17:29:17Z
CAH,Cardinal Health,Health Care,Health Care Distributors,"Dublin, Ohio",1997-05-27,0000721371,1971,https://en.wikipedia.org/wiki/List_of_S%26P_500_companies,2026-05-09T17:29:17Z
CCL,Carnival,Consumer Discretionary,"Hotels, Resorts & Cruise Lines","Miami, Florida",1998-12-22,0000815097,1972,https://en.wikipedia.org/wiki/List_of_S%26P_500_companies,2026-05-09T17:29:17Z
CARR,Carrier Global,Industrials,Building Products,"Palm Beach Gardens, Florida",2020-04-03,0001783180,"2020 (1915,United Technologiesspinoff)",https://en.wikipedia.org/wiki/List_of_S%26P_500_companies,2026-05-09T17:29:17Z
CVNA,Carvana,Consumer Discretionary,Automotive Retail,"Tempe, Arizona",2025-12-22,0001690820,2012,https://en.wikipedia.org/wiki/List_of_S%26P_500_companies,2026-05-09T17:29:17Z
CASY,Casey's,Consumer Staples,Food Retail,"Ankeny, Iowa",2026-04-09,0000726958,1967,https://en.wikipedia.org/wiki/List_of_S%26P_500_companies,2026-05-09T17:29:17Z
CAT,Caterpillar Inc.,Industrials,Construction Machinery & Heavy Transportation Equipment,"Irving, Texas",1957-03-04,0000018230,1925,https://en.wikipedia.org/wiki/List_of_S%26P_500_companies,2026-05-09T17:29:17Z
CBOE,Cboe Global Markets,Financials,Financial Exchanges & Data,"Chicago, Illinois",2017-03-01,0001374310,1973,https://en.wikipedia.org/wiki/List_of_S%26P_500_companies,2026-05-09T17:29:17Z
CBRE,CBRE Group,Real Estate,Real Estate Services,"Dallas, Texas",2006-11-10,0001138118,1906,https://en.wikipedia.org/wiki/List_of_S%26P_500_companies,2026-05-09T17:29:17Z
CDW,CDW Corporation,Information Technology,Technology Distributors,"Vernon Hills, Illinois",2019-09-23,0001402057,1984,https://en.wikipedia.org/wiki/List_of_S%26P_500_companies,2026-05-09T17:29:17Z
COR,Cencora,Health Care,Health Care Distributors,"Conshohocken, Pennsylvania",2001-08-30,0001140859,1985,https://en.wikipedia.org/wiki/List_of_S%26P_500_companies,2026-05-09T17:29:17Z
CNC,Centene Corporation,Health Care,Managed Health Care,"St. Louis, Missouri",2016-03-30,0001071739,1984,https://en.wikipedia.org/wiki/List_of_S%26P_500_companies,2026-05-09T17:29:17Z
CNP,CenterPoint Energy,Utilities,Multi-Utilities,"Houston, Texas",1985-07-31,0001130310,1882,https://en.wikipedia.org/wiki/List_of_S%26P_500_companies,2026-05-09T17:29:17Z
CF,CF Industries,Materials,Fertilizers & Agricultural Chemicals,"Deerfield, Illinois",2008-08-27,0001324404,1946,https://en.wikipedia.org/wiki/List_of_S%26P_500_companies,2026-05-09T17:29:17Z
CRL,Charles River Laboratories,Health Care,Life Sciences Tools & Services,"Wilmington, Massachusetts",2021-05-14,0001100682,1947,https://en.wikipedia.org/wiki/List_of_S%26P_500_companies,2026-05-09T17:29:17Z
SCHW,Charles Schwab Corporation,Financials,Investment Banking & Brokerage,"Westlake, Texas",1997-06-02,0000316709,1971,https://en.wikipedia.org/wiki/List_of_S%26P_500_companies,2026-05-09T17:29:17Z
CHTR,Charter Communications,Communication Services,Cable & Satellite,"Stamford, Connecticut",2016-09-08,0001091667,1993,https://en.wikipedia.org/wiki/List_of_S%26P_500_companies,2026-05-09T17:29:17Z
CVX,Chevron Corporation,Energy,Integrated Oil & Gas,"Houston, Texas",1957-03-04,0000093410,1879,https://en.wikipedia.org/wiki/List_of_S%26P_500_companies,2026-05-09T17:29:17Z
CMG,Chipotle Mexican Grill,Consumer Discretionary,Restaurants,"Newport Beach, California",2011-04-28,0001058090,1993,https://en.wikipedia.org/wiki/List_of_S%26P_500_companies,2026-05-09T17:29:17Z
CB,Chubb Limited,Financials,Property & Casualty Insurance,"Zurich, Switzerland",2010-07-15,0000896159,1985,https://en.wikipedia.org/wiki/List_of_S%26P_500_companies,2026-05-09T17:29:17Z
CHD,Church & Dwight,Consumer Staples,Household Products,"Ewing, New Jersey",2015-12-29,0000313927,1847,https://en.wikipedia.org/wiki/List_of_S%26P_500_companies,2026-05-09T17:29:17Z
CIEN,Ciena,Information Technology,Communications Equipment,"Hanover, Maryland",2026-02-09,0000936395,1992,https://en.wikipedia.org/wiki/List_of_S%26P_500_companies,2026-05-09T17:29:17Z
CI,Cigna,Health Care,Health Care Services,"Bloomfield, Connecticut",1976-06-30,0001739940,1982,https://en.wikipedia.org/wiki/List_of_S%26P_500_companies,2026-05-09T17:29:17Z
CINF,Cincinnati Financial,Financials,Property & Casualty Insurance,"Fairfield, Ohio",1997-12-18,0000020286,1950,https://en.wikipedia.org/wiki/List_of_S%26P_500_companies,2026-05-09T17:29:17Z
CTAS,Cintas,Industrials,Diversified Support Services,"Mason, Ohio",2001-03-01,0000723254,1929,https://en.wikipedia.org/wiki/List_of_S%26P_500_companies,2026-05-09T17:29:17Z
CSCO,Cisco,Information Technology,Communications Equipment,"San Jose, California",1993-12-01,0000858877,1984,https://en.wikipedia.org/wiki/List_of_S%26P_500_companies,2026-05-09T17:29:17Z
C,Citigroup,Financials,Diversified Banks,"New York City, New York",1988-05-31,0000831001,1998,https://en.wikipedia.org/wiki/List_of_S%26P_500_companies,2026-05-09T17:29:17Z
CFG,Citizens Financial Group,Financials,Regional Banks,"Providence, Rhode Island",2016-01-29,0000759944,1828,https://en.wikipedia.org/wiki/List_of_S%26P_500_companies,2026-05-09T17:29:17Z
CLX,Clorox,Consumer Staples,Household Products,"Oakland, California",1969-03-31,0000021076,1913,https://en.wikipedia.org/wiki/List_of_S%26P_500_companies,2026-05-09T17:29:17Z
CME,CME Group,Financials,Financial Exchanges & Data,"Chicago, Illinois",2006-08-11,0001156375,1848,https://en.wikipedia.org/wiki/List_of_S%26P_500_companies,2026-05-09T17:29:17Z
CMS,CMS Energy,Utilities,Multi-Utilities,"Jackson, Michigan",1957-03-04,0000811156,1886,https://en.wikipedia.org/wiki/List_of_S%26P_500_companies,2026-05-09T17:29:17Z
KO,Coca-Cola Company (The),Consumer Staples,Soft Drinks & Non-alcoholic Beverages,"Atlanta, Georgia",1957-03-04,0000021344,1886,https://en.wikipedia.org/wiki/List_of_S%26P_500_companies,2026-05-09T17:29:17Z
CTSH,Cognizant,Information Technology,IT Consulting & Other Services,"Teaneck, New Jersey",2006-11-17,0001058290,1994,https://en.wikipedia.org/wiki/List_of_S%26P_500_companies,2026-05-09T17:29:17Z
COHR,Coherent Corp.,Information Technology,Electronic Components,"Saxonburg, Pennsylvania",2026-03-23,0000820318,1971,https://en.wikipedia.org/wiki/List_of_S%26P_500_companies,2026-05-09T17:29:17Z
COIN,Coinbase,Financials,Financial Exchanges & Data,"New York City, New York",2025-05-19,0001679788,2012,https://en.wikipedia.org/wiki/List_of_S%26P_500_companies,2026-05-09T17:29:17Z
CL,Colgate-Palmolive,Consumer Staples,Household Products,"New York City, New York",1957-03-04,0000021665,1806,https://en.wikipedia.org/wiki/List_of_S%26P_500_companies,2026-05-09T17:29:17Z
CMCSA,Comcast,Communication Services,Cable & Satellite,"Philadelphia, Pennsylvania",2002-11-19,0001166691,1963,https://en.wikipedia.org/wiki/List_of_S%26P_500_companies,2026-05-09T17:29:17Z
FIX,Comfort Systems USA,Industrials,Construction & Engineering,"Houston, Texas",2025-12-22,0001035983,1997,https://en.wikipedia.org/wiki/List_of_S%26P_500_companies,2026-05-09T17:29:17Z
CAG,Conagra Brands,Consumer Staples,Packaged Foods & Meats,"Chicago, Illinois",1983-08-31,0000023217,1919,https://en.wikipedia.org/wiki/List_of_S%26P_500_companies,2026-05-09T17:29:17Z
COP,ConocoPhillips,Energy,Oil & Gas Exploration & Production,"Houston, Texas",1957-03-04,0001163165,2002,https://en.wikipedia.org/wiki/List_of_S%26P_500_companies,2026-05-09T17:29:17Z
ED,Consolidated Edison,Utilities,Multi-Utilities,"New York City, New York",1957-03-04,0001047862,1823,https://en.wikipedia.org/wiki/List_of_S%26P_500_companies,2026-05-09T17:29:17Z
STZ,Constellation Brands,Consumer Staples,Distillers & Vintners,"Rochester, New York",2005-07-01,0000016918,1945,https://en.wikipedia.org/wiki/List_of_S%26P_500_companies,2026-05-09T17:29:17Z
CEG,Constellation Energy,Utilities,Electric Utilities,"Baltimore, Maryland",2022-02-02,0001868275,1999,https://en.wikipedia.org/wiki/List_of_S%26P_500_companies,2026-05-09T17:29:17Z
COO,Cooper Companies (The),Health Care,Health Care Supplies,"San Ramon, California",2016-09-23,0000711404,1958,https://en.wikipedia.org/wiki/List_of_S%26P_500_companies,2026-05-09T17:29:17Z
CPRT,Copart,Industrials,Diversified Support Services,"Dallas, Texas",2018-07-02,0000900075,1982,https://en.wikipedia.org/wiki/List_of_S%26P_500_companies,2026-05-09T17:29:17Z
GLW,Corning Inc.,Information Technology,Electronic Components,"Corning, New York",1995-02-27,0000024741,1851,https://en.wikipedia.org/wiki/List_of_S%26P_500_companies,2026-05-09T17:29:17Z
CPAY,Corpay,Financials,Transaction & Payment Processing Services,"Atlanta, Georgia",2018-06-20,0001175454,2000,https://en.wikipedia.org/wiki/List_of_S%26P_500_companies,2026-05-09T17:29:17Z
CTVA,Corteva,Materials,Fertilizers & Agricultural Chemicals,"Indianapolis, Indiana",2019-06-03,0001755672,2019,https://en.wikipedia.org/wiki/List_of_S%26P_500_companies,2026-05-09T17:29:17Z
CSGP,CoStar Group,Real Estate,Real Estate Services,"Washington, D.C.",2022-09-19,0001057352,1987,https://en.wikipedia.org/wiki/List_of_S%26P_500_companies,2026-05-09T17:29:17Z
COST,Costco,Consumer Staples,Consumer Staples Merchandise Retail,"Issaquah, Washington",1993-10-01,0000909832,1976,https://en.wikipedia.org/wiki/List_of_S%26P_500_companies,2026-05-09T17:29:17Z
CRH,CRH plc,Materials,Construction Materials,"Dublin, Ireland",2025-12-22,0000849395,1970,https://en.wikipedia.org/wiki/List_of_S%26P_500_companies,2026-05-09T17:29:17Z
CRWD,CrowdStrike,Information Technology,Systems Software,"Austin, Texas",2024-06-24,0001535527,2011,https://en.wikipedia.org/wiki/List_of_S%26P_500_companies,2026-05-09T17:29:17Z
CCI,Crown Castle,Real Estate,Telecom Tower REITs,"Houston, Texas",2012-03-14,0001051470,1994,https://en.wikipedia.org/wiki/List_of_S%26P_500_companies,2026-05-09T17:29:17Z
CSX,CSX Corporation,Industrials,Rail Transportation,"Jacksonville, Florida",1957-03-04,0000277948,1980,https://en.wikipedia.org/wiki/List_of_S%26P_500_companies,2026-05-09T17:29:17Z
CMI,Cummins,Industrials,Construction Machinery & Heavy Transportation Equipment,"Columbus, Indiana",1965-03-31,0000026172,1919,https://en.wikipedia.org/wiki/List_of_S%26P_500_companies,2026-05-09T17:29:17Z
CVS,CVS Health,Health Care,Health Care Services,"Woonsocket, Rhode Island",1957-03-04,0000064803,1996,https://en.wikipedia.org/wiki/List_of_S%26P_500_companies,2026-05-09T17:29:17Z
DHR,Danaher Corporation,Health Care,Life Sciences Tools & Services,"Washington, D.C.",1998-11-18,0000313616,1969,https://en.wikipedia.org/wiki/List_of_S%26P_500_companies,2026-05-09T17:29:17Z
DRI,Darden Restaurants,Consumer Discretionary,Restaurants,"Orlando, Florida",1995-05-31,0000940944,1938,https://en.wikipedia.org/wiki/List_of_S%26P_500_companies,2026-05-09T17:29:17Z
DDOG,Datadog,Information Technology,Application Software,"New York City, New York",2025-07-09,0001561550,2010,https://en.wikipedia.org/wiki/List_of_S%26P_500_companies,2026-05-09T17:29:17Z
DVA,DaVita,Health Care,Health Care Services,"Denver, Colorado",2008-07-31,0000927066,1979,https://en.wikipedia.org/wiki/List_of_S%26P_500_companies,2026-05-09T17:29:17Z
DECK,Deckers Brands,Consumer Discretionary,Footwear,"Goleta, California",2024-03-18,0000910521,1973,https://en.wikipedia.org/wiki/List_of_S%26P_500_companies,2026-05-09T17:29:17Z
DE,Deere & Company,Industrials,Agricultural & Farm Machinery,"Moline, Illinois",1957-03-04,0000315189,1837,https://en.wikipedia.org/wiki/List_of_S%26P_500_companies,2026-05-09T17:29:17Z
DELL,Dell Technologies,Information Technology,"Technology Hardware, Storage & Peripherals","Round Rock, Texas",2024-09-23,0001571996,2016,https://en.wikipedia.org/wiki/List_of_S%26P_500_companies,2026-05-09T17:29:17Z
DAL,Delta Air Lines,Industrials,Passenger Airlines,"Atlanta, Georgia",2013-09-11,0000027904,1929,https://en.wikipedia.org/wiki/List_of_S%26P_500_companies,2026-05-09T17:29:17Z
DVN,Devon Energy,Energy,Oil & Gas Exploration & Production,"Oklahoma City, Oklahoma",2000-08-30,0001090012,1971,https://en.wikipedia.org/wiki/List_of_S%26P_500_companies,2026-05-09T17:29:17Z
DXCM,Dexcom,Health Care,Health Care Equipment,"San Diego, California",2020-05-12,0001093557,1999,https://en.wikipedia.org/wiki/List_of_S%26P_500_companies,2026-05-09T17:29:17Z
FANG,Diamondback Energy,Energy,Oil & Gas Exploration & Production,"Midland, Texas",2018-12-03,0001539838,2007,https://en.wikipedia.org/wiki/List_of_S%26P_500_companies,2026-05-09T17:29:17Z
DLR,Digital Realty,Real Estate,Data Center REITs,"Austin, Texas",2016-05-18,0001297996,2004,https://en.wikipedia.org/wiki/List_of_S%26P_500_companies,2026-05-09T17:29:17Z
DG,Dollar General,Consumer Staples,Consumer Staples Merchandise Retail,"Goodlettsville, Tennessee",2012-12-03,0000029534,1939,https://en.wikipedia.org/wiki/List_of_S%26P_500_companies,2026-05-09T17:29:17Z
DLTR,Dollar Tree,Consumer Staples,Consumer Staples Merchandise Retail,"Chesapeake, Virginia",2011-12-19,0000935703,1986,https://en.wikipedia.org/wiki/List_of_S%26P_500_companies,2026-05-09T17:29:17Z
D,Dominion Energy,Utilities,Multi-Utilities,"Richmond, Virginia",2016-11-30,0000715957,1983,https://en.wikipedia.org/wiki/List_of_S%26P_500_companies,2026-05-09T17:29:17Z
DPZ,Domino's,Consumer Discretionary,Restaurants,"Ann Arbor, Michigan",2020-05-12,0001286681,1960,https://en.wikipedia.org/wiki/List_of_S%26P_500_companies,2026-05-09T17:29:17Z
DASH,DoorDash,Consumer Discretionary,Specialized Consumer Services,"San Francisco, California",2025-03-24,0001792789,2012,https://en.wikipedia.org/wiki/List_of_S%26P_500_companies,2026-05-09T17:29:17Z
DOV,Dover Corporation,Industrials,Industrial Machinery & Supplies & Components,"Downers Grove, Illinois",1985-10-31,0000029905,1955,https://en.wikipedia.org/wiki/List_of_S%26P_500_companies,2026-05-09T17:29:17Z
DOW,Dow Inc.,Materials,Commodity Chemicals,"Midland, Michigan",2019-04-01,0001751788,2019 (1897),https://en.wikipedia.org/wiki/List_of_S%26P_500_companies,2026-05-09T17:29:17Z
DHI,D. R. Horton,Consumer Discretionary,Homebuilding,"Arlington, Texas",2005-06-22,0000882184,1978,https://en.wikipedia.org/wiki/List_of_S%26P_500_companies,2026-05-09T17:29:17Z
DTE,DTE Energy,Utilities,Multi-Utilities,"Detroit, Michigan",1957-03-04,0000936340,1995,https://en.wikipedia.org/wiki/List_of_S%26P_500_companies,2026-05-09T17:29:17Z
DUK,Duke Energy,Utilities,Electric Utilities,"Charlotte, North Carolina",1976-06-30,0001326160,1904,https://en.wikipedia.org/wiki/List_of_S%26P_500_companies,2026-05-09T17:29:17Z
DD,DuPont,Materials,Specialty Chemicals,"Wilmington, Delaware",2019-06-03,0001666700,2017 (1802),https://en.wikipedia.org/wiki/List_of_S%26P_500_companies,2026-05-09T17:29:17Z
ETN,Eaton Corporation,Industrials,Electrical Components & Equipment,"Dublin, Ireland",1957-03-04,0001551182,1911,https://en.wikipedia.org/wiki/List_of_S%26P_500_companies,2026-05-09T17:29:17Z
EBAY,eBay Inc.,Consumer Discretionary,Broadline Retail,"San Jose, California",2002-07-22,0001065088,1995,https://en.wikipedia.org/wiki/List_of_S%26P_500_companies,2026-05-09T17:29:17Z
SATS,EchoStar,Communication Services,Wireless Telecommunication Services,"Englewood, Colorado",2026-03-23,0001415404,2008,https://en.wikipedia.org/wiki/List_of_S%26P_500_companies,2026-05-09T17:29:17Z
ECL,Ecolab,Materials,Specialty Chemicals,"Saint Paul, Minnesota",1989-01-31,0000031462,1923,https://en.wikipedia.org/wiki/List_of_S%26P_500_companies,2026-05-09T17:29:17Z
EIX,Edison International,Utilities,Electric Utilities,"Rosemead, California",1957-03-04,0000827052,1886,https://en.wikipedia.org/wiki/List_of_S%26P_500_companies,2026-05-09T17:29:17Z
EW,Edwards Lifesciences,Health Care,Health Care Equipment,"Irvine, California",2011-04-01,0001099800,1958,https://en.wikipedia.org/wiki/List_of_S%26P_500_companies,2026-05-09T17:29:17Z
EA,Electronic Arts,Communication Services,Interactive Home Entertainment,"Redwood City, California",2002-07-22,0000712515,1982,https://en.wikipedia.org/wiki/List_of_S%26P_500_companies,2026-05-09T17:29:17Z
ELV,Elevance Health,Health Care,Managed Health Care,"Indianapolis, Indiana",2002-07-25,0001156039,2014 (1946),https://en.wikipedia.org/wiki/List_of_S%26P_500_companies,2026-05-09T17:29:17Z
EME,Emcor,Industrials,Construction & Engineering,"Norwalk, Connecticut",2025-09-22,0000105634,1994,https://en.wikipedia.org/wiki/List_of_S%26P_500_companies,2026-05-09T17:29:17Z
EMR,Emerson Electric,Industrials,Electrical Components & Equipment,"Ferguson, Missouri",1965-03-31,0000032604,1890,https://en.wikipedia.org/wiki/List_of_S%26P_500_companies,2026-05-09T17:29:17Z
ETR,Entergy,Utilities,Electric Utilities,"New Orleans, Louisiana",1957-03-04,0000065984,1913,https://en.wikipedia.org/wiki/List_of_S%26P_500_companies,2026-05-09T17:29:17Z
EOG,EOG Resources,Energy,Oil & Gas Exploration & Production,"Houston, Texas",2000-11-02,0000821189,1999,https://en.wikipedia.org/wiki/List_of_S%26P_500_companies,2026-05-09T17:29:17Z
EPAM,EPAM Systems,Information Technology,IT Consulting & Other Services,"Newtown, Pennsylvania",2021-12-14,0001352010,1993,https://en.wikipedia.org/wiki/List_of_S%26P_500_companies,2026-05-09T17:29:17Z
EQT,EQT Corporation,Energy,Oil & Gas Exploration & Production,"Pittsburgh, Pennsylvania",2022-10-03,0000033213,1888,https://en.wikipedia.org/wiki/List_of_S%26P_500_companies,2026-05-09T17:29:17Z
EFX,Equifax,Industrials,Research & Consulting Services,"Atlanta, Georgia",1997-06-19,0000033185,1899,https://en.wikipedia.org/wiki/List_of_S%26P_500_companies,2026-05-09T17:29:17Z
EQIX,Equinix,Real Estate,Data Center REITs,"Redwood City, California",2015-03-20,0001101239,1998,https://en.wikipedia.org/wiki/List_of_S%26P_500_companies,2026-05-09T17:29:17Z
EQR,Equity Residential,Real Estate,Multi-Family Residential REITs,"Chicago, Illinois",2001-12-03,0000906107,1969,https://en.wikipedia.org/wiki/List_of_S%26P_500_companies,2026-05-09T17:29:17Z
ERIE,Erie Indemnity,Financials,Insurance Brokers,"Erie, Pennsylvania",2024-09-23,0000922621,1925,https://en.wikipedia.org/wiki/List_of_S%26P_500_companies,2026-05-09T17:29:17Z
ESS,Essex Property Trust,Real Estate,Multi-Family Residential REITs,"San Mateo, California",2014-04-02,0000920522,1971,https://en.wikipedia.org/wiki/List_of_S%26P_500_companies,2026-05-09T17:29:17Z
EL,Estée Lauder Companies (The),Consumer Staples,Personal Care Products,"New York City, New York",2006-01-05,0001001250,1946,https://en.wikipedia.org/wiki/List_of_S%26P_500_companies,2026-05-09T17:29:17Z
EG,Everest Group,Financials,Reinsurance,"Hamilton, Bermuda",2017-06-19,0001095073,1973,https://en.wikipedia.org/wiki/List_of_S%26P_500_companies,2026-05-09T17:29:17Z
EVRG,Evergy,Utilities,Electric Utilities,"Kansas City, Missouri",2018-06-05,0001711269,1909,https://en.wikipedia.org/wiki/List_of_S%26P_500_companies,2026-05-09T17:29:17Z
ES,Eversource Energy,Utilities,Electric Utilities,"Hartford, Connecticut",2009-07-24,0000072741,1966,https://en.wikipedia.org/wiki/List_of_S%26P_500_companies,2026-05-09T17:29:17Z
EXC,Exelon,Utilities,Electric Utilities,"Chicago, Illinois",1957-03-04,0001109357,2000,https://en.wikipedia.org/wiki/List_of_S%26P_500_companies,2026-05-09T17:29:17Z
EXE,Expand Energy,Energy,Oil & Gas Exploration & Production,"Oklahoma City, Oklahoma",2025-03-24,0000895126,1989,https://en.wikipedia.org/wiki/List_of_S%26P_500_companies,2026-05-09T17:29:17Z
EXPE,Expedia Group,Consumer Discretionary,"Hotels, Resorts & Cruise Lines","Seattle, Washington",2007-10-02,0001324424,1996,https://en.wikipedia.org/wiki/List_of_S%26P_500_companies,2026-05-09T17:29:17Z
EXPD,Expeditors International,Industrials,Air Freight & Logistics,"Seattle, Washington",2007-10-10,0000746515,1979,https://en.wikipedia.org/wiki/List_of_S%26P_500_companies,2026-05-09T17:29:17Z
EXR,Extra Space Storage,Real Estate,Self-Storage REITs,"Salt Lake City, Utah",2016-01-19,0001289490,1977,https://en.wikipedia.org/wiki/List_of_S%26P_500_companies,2026-05-09T17:29:17Z
XOM,ExxonMobil,Energy,Integrated Oil & Gas,"Irving, Texas",1957-03-04,0000034088,1999,https://en.wikipedia.org/wiki/List_of_S%26P_500_companies,2026-05-09T17:29:17Z
FFIV,"F5, Inc.",Information Technology,Communications Equipment,"Seattle, Washington",2010-12-20,0001048695,1996,https://en.wikipedia.org/wiki/List_of_S%26P_500_companies,2026-05-09T17:29:17Z
FDS,FactSet,Financials,Financial Exchanges & Data,"Norwalk, Connecticut",2021-12-20,0001013237,1978,https://en.wikipedia.org/wiki/List_of_S%26P_500_companies,2026-05-09T17:29:17Z
FICO,Fair Isaac,Information Technology,Application Software,"Bozeman, Montana",2023-03-20,0000814547,1956,https://en.wikipedia.org/wiki/List_of_S%26P_500_companies,2026-05-09T17:29:17Z
FAST,Fastenal,Industrials,Trading Companies & Distributors,"Winona, Minnesota",2008-09-15,0000815556,1967,https://en.wikipedia.org/wiki/List_of_S%26P_500_companies,2026-05-09T17:29:17Z
FRT,Federal Realty Investment Trust,Real Estate,Retail REITs,"Rockville, Maryland",2016-02-01,0000034903,1962,https://en.wikipedia.org/wiki/List_of_S%26P_500_companies,2026-05-09T17:29:17Z
FDX,FedEx,Industrials,Air Freight & Logistics,"Memphis, Tennessee",1980-12-31,0001048911,1971,https://en.wikipedia.org/wiki/List_of_S%26P_500_companies,2026-05-09T17:29:17Z
FIS,Fidelity National Information Services,Financials,Transaction & Payment Processing Services,"Jacksonville, Florida",2006-11-10,0001136893,1968,https://en.wikipedia.org/wiki/List_of_S%26P_500_companies,2026-05-09T17:29:17Z
FITB,Fifth Third Bancorp,Financials,Regional Banks,"Cincinnati, Ohio",1996-03-29,0000035527,1858,https://en.wikipedia.org/wiki/List_of_S%26P_500_companies,2026-05-09T17:29:17Z
FSLR,First Solar,Information Technology,Semiconductors,"Tempe, Arizona",2022-12-19,0001274494,1999,https://en.wikipedia.org/wiki/List_of_S%26P_500_companies,2026-05-09T17:29:17Z
FE,FirstEnergy,Utilities,Electric Utilities,"Akron, Ohio",1997-11-28,0001031296,1997,https://en.wikipedia.org/wiki/List_of_S%26P_500_companies,2026-05-09T17:29:17Z
FISV,Fiserv,Financials,Transaction & Payment Processing Services,"Brookfield, Wisconsin",2001-04-02,0000798354,1984,https://en.wikipedia.org/wiki/List_of_S%26P_500_companies,2026-05-09T17:29:17Z
F,Ford Motor Company,Consumer Discretionary,Automobile Manufacturers,"Dearborn, Michigan",1957-03-04,0000037996,1903,https://en.wikipedia.org/wiki/List_of_S%26P_500_companies,2026-05-09T17:29:17Z
FTNT,Fortinet,Information Technology,Systems Software,"Sunnyvale, California",2018-10-11,0001262039,2000,https://en.wikipedia.org/wiki/List_of_S%26P_500_companies,2026-05-09T17:29:17Z
FTV,Fortive,Industrials,Industrial Machinery & Supplies & Components,"Everett, Washington",2016-07-01,0001659166,2016,https://en.wikipedia.org/wiki/List_of_S%26P_500_companies,2026-05-09T17:29:17Z
FOXA,Fox Corporation(Class A),Communication Services,Broadcasting,"New York City, New York",2019-03-19,0001754301,2019,https://en.wikipedia.org/wiki/List_of_S%26P_500_companies,2026-05-09T17:29:17Z
FOX,Fox Corporation(Class B),Communication Services,Broadcasting,"New York City, New York",2019-03-19,0001754301,2019,https://en.wikipedia.org/wiki/List_of_S%26P_500_companies,2026-05-09T17:29:17Z
BEN,Franklin Resources,Financials,Asset Management & Custody Banks,"San Mateo, California",1998-04-30,0000038777,1947,https://en.wikipedia.org/wiki/List_of_S%26P_500_companies,2026-05-09T17:29:17Z
FCX,Freeport-McMoRan,Materials,Copper,"Phoenix, Arizona",2011-07-01,0000831259,1912,https://en.wikipedia.org/wiki/List_of_S%26P_500_companies,2026-05-09T17:29:17Z
GRMN,Garmin,Consumer Discretionary,Consumer Electronics,"Schaffhausen, Switzerland",2012-12-12,0001121788,1989,https://en.wikipedia.org/wiki/List_of_S%26P_500_companies,2026-05-09T17:29:17Z
IT,Gartner,Information Technology,IT Consulting & Other Services,"Stamford, Connecticut",2017-04-05,0000749251,1979,https://en.wikipedia.org/wiki/List_of_S%26P_500_companies,2026-05-09T17:29:17Z
GE,GE Aerospace,Industrials,Aerospace & Defense,"Evendale, Ohio",1957-03-04,0000040545,1892,https://en.wikipedia.org/wiki/List_of_S%26P_500_companies,2026-05-09T17:29:17Z
GEHC,GE HealthCare,Health Care,Health Care Equipment,"Chicago, Illinois",2023-01-04,0001932393,1994,https://en.wikipedia.org/wiki/List_of_S%26P_500_companies,2026-05-09T17:29:17Z
GEV,GE Vernova,Industrials,Heavy Electrical Equipment,"Cambridge, Massachusetts",2024-04-02,0001996810,2024,https://en.wikipedia.org/wiki/List_of_S%26P_500_companies,2026-05-09T17:29:17Z
GEN,Gen Digital,Information Technology,Systems Software,"Tempe, Arizona",2003-03-25,0000849399,1982,https://en.wikipedia.org/wiki/List_of_S%26P_500_companies,2026-05-09T17:29:17Z
GNRC,Generac,Industrials,Electrical Components & Equipment,"Waukesha, Wisconsin",2021-03-22,0001474735,1959,https://en.wikipedia.org/wiki/List_of_S%26P_500_companies,2026-05-09T17:29:17Z
GD,General Dynamics,Industrials,Aerospace & Defense,"Reston, Virginia",1957-03-04,0000040533,1899,https://en.wikipedia.org/wiki/List_of_S%26P_500_companies,2026-05-09T17:29:17Z
GIS,General Mills,Consumer Staples,Packaged Foods & Meats,"Golden Valley, Minnesota",1957-03-04,0000040704,1856,https://en.wikipedia.org/wiki/List_of_S%26P_500_companies,2026-05-09T17:29:17Z
GM,General Motors,Consumer Discretionary,Automobile Manufacturers,"Detroit, Michigan",2013-06-06,0001467858,1908,https://en.wikipedia.org/wiki/List_of_S%26P_500_companies,2026-05-09T17:29:17Z
GPC,Genuine Parts Company,Consumer Discretionary,Distributors,"Atlanta, Georgia",1973-12-31,0000040987,1925,https://en.wikipedia.org/wiki/List_of_S%26P_500_companies,2026-05-09T17:29:17Z
GILD,Gilead Sciences,Health Care,Biotechnology,"Foster City, California",2004-07-01,0000882095,1987,https://en.wikipedia.org/wiki/List_of_S%26P_500_companies,2026-05-09T17:29:17Z
GPN,Global Payments,Financials,Transaction & Payment Processing Services,"Atlanta, Georgia",2016-04-25,0001123360,2000,https://en.wikipedia.org/wiki/List_of_S%26P_500_companies,2026-05-09T17:29:17Z
GL,Globe Life,Financials,Life & Health Insurance,"McKinney, Texas",1989-04-30,0000320335,1900,https://en.wikipedia.org/wiki/List_of_S%26P_500_companies,2026-05-09T17:29:17Z
GDDY,GoDaddy,Information Technology,Internet Services & Infrastructure,"Tempe, Arizona",2024-06-24,0001609711,1997,https://en.wikipedia.org/wiki/List_of_S%26P_500_companies,2026-05-09T17:29:17Z
GS,Goldman Sachs,Financials,Investment Banking & Brokerage,"New York City, New York",2002-07-22,0000886982,1869,https://en.wikipedia.org/wiki/List_of_S%26P_500_companies,2026-05-09T17:29:17Z
HAL,Halliburton,Energy,Oil & Gas Equipment & Services,"Houston, Texas",1957-03-04,0000045012,1919,https://en.wikipedia.org/wiki/List_of_S%26P_500_companies,2026-05-09T17:29:17Z
HIG,Hartford (The),Financials,Property & Casualty Insurance,"Hartford, Connecticut",1957-03-04,0000874766,1810,https://en.wikipedia.org/wiki/List_of_S%26P_500_companies,2026-05-09T17:29:17Z
HAS,Hasbro,Consumer Discretionary,Leisure Products,"Pawtucket, Rhode Island",1984-09-30,0000046080,1923,https://en.wikipedia.org/wiki/List_of_S%26P_500_companies,2026-05-09T17:29:17Z
HCA,HCA Healthcare,Health Care,Health Care Facilities,"Nashville, Tennessee",2015-01-27,0000860730,1968,https://en.wikipedia.org/wiki/List_of_S%26P_500_companies,2026-05-09T17:29:17Z
DOC,Healthpeak Properties,Real Estate,Health Care REITs,"Denver, Colorado",2008-03-31,0000765880,1985,https://en.wikipedia.org/wiki/List_of_S%26P_500_companies,2026-05-09T17:29:17Z
HSIC,Henry Schein,Health Care,Health Care Distributors,"Melville, New York",2015-03-17,0001000228,1932,https://en.wikipedia.org/wiki/List_of_S%26P_500_companies,2026-05-09T17:29:17Z
HSY,Hershey Company (The),Consumer Staples,Packaged Foods & Meats,"Hershey, Pennsylvania",1957-03-04,0000047111,1894,https://en.wikipedia.org/wiki/List_of_S%26P_500_companies,2026-05-09T17:29:17Z
HPE,Hewlett Packard Enterprise,Information Technology,"Technology Hardware, Storage & Peripherals","Houston, Texas",2015-11-02,0001645590,2015,https://en.wikipedia.org/wiki/List_of_S%26P_500_companies,2026-05-09T17:29:17Z
HLT,Hilton Worldwide,Consumer Discretionary,"Hotels, Resorts & Cruise Lines","Tysons Corner, Virginia",2017-06-19,0001585689,1919,https://en.wikipedia.org/wiki/List_of_S%26P_500_companies,2026-05-09T17:29:17Z
HD,Home Depot (The),Consumer Discretionary,Home Improvement Retail,"Atlanta, Georgia",1988-03-31,0000354950,1978,https://en.wikipedia.org/wiki/List_of_S%26P_500_companies,2026-05-09T17:29:17Z
HON,Honeywell,Industrials,Industrial Conglomerates,"Charlotte, North Carolina",1957-03-04,0000773840,1906,https://en.wikipedia.org/wiki/List_of_S%26P_500_companies,2026-05-09T17:29:17Z
HRL,Hormel Foods,Consumer Staples,Packaged Foods & Meats,"Austin, Minnesota",2009-03-04,0000048465,1891,https://en.wikipedia.org/wiki/List_of_S%26P_500_companies,2026-05-09T17:29:17Z
HST,Host Hotels & Resorts,Real Estate,Hotel & Resort REITs,"Bethesda, Maryland",2007-03-20,0001070750,1993,https://en.wikipedia.org/wiki/List_of_S%26P_500_companies,2026-05-09T17:29:17Z
HWM,Howmet Aerospace,Industrials,Aerospace & Defense,"Pittsburgh, Pennsylvania",2016-10-21,0000004281,1888,https://en.wikipedia.org/wiki/List_of_S%26P_500_companies,2026-05-09T17:29:17Z
HPQ,HP Inc.,Information Technology,"Technology Hardware, Storage & Peripherals","Palo Alto, California",1974-12-31,0000047217,1939 (2015),https://en.wikipedia.org/wiki/List_of_S%26P_500_companies,2026-05-09T17:29:17Z
HUBB,Hubbell Incorporated,Industrials,Industrial Machinery & Supplies & Components,"Shelton, Connecticut",2023-10-18,0000048898,1888,https://en.wikipedia.org/wiki/List_of_S%26P_500_companies,2026-05-09T17:29:17Z
HUM,Humana,Health Care,Managed Health Care,"Louisville, Kentucky",2012-12-10,0000049071,1961,https://en.wikipedia.org/wiki/List_of_S%26P_500_companies,2026-05-09T17:29:17Z
HBAN,Huntington Bancshares,Financials,Regional Banks,"Columbus, Ohio;Detroit, Michigan",1997-08-28,0000049196,1866,https://en.wikipedia.org/wiki/List_of_S%26P_500_companies,2026-05-09T17:29:17Z
HII,Huntington Ingalls Industries,Industrials,Aerospace & Defense,"Newport News, Virginia",2018-01-03,0001501585,2011,https://en.wikipedia.org/wiki/List_of_S%26P_500_companies,2026-05-09T17:29:17Z
IBM,IBM,Information Technology,IT Consulting & Other Services,"Armonk, New York",1957-03-04,0000051143,1911,https://en.wikipedia.org/wiki/List_of_S%26P_500_companies,2026-05-09T17:29:17Z
IEX,IDEX Corporation,Industrials,Industrial Machinery & Supplies & Components,"Northbrook, Illinois",2019-08-09,0000832101,1988,https://en.wikipedia.org/wiki/List_of_S%26P_500_companies,2026-05-09T17:29:17Z
IDXX,Idexx Laboratories,Health Care,Health Care Equipment,"Westbrook, Maine",2017-01-05,0000874716,1983,https://en.wikipedia.org/wiki/List_of_S%26P_500_companies,2026-05-09T17:29:17Z
ITW,Illinois Tool Works,Industrials,Industrial Machinery & Supplies & Components,"Glenview, Illinois",1986-02-28,0000049826,1912,https://en.wikipedia.org/wiki/List_of_S%26P_500_companies,2026-05-09T17:29:17Z
INCY,Incyte,Health Care,Biotechnology,"Wilmington, Delaware",2017-02-28,0000879169,1991,https://en.wikipedia.org/wiki/List_of_S%26P_500_companies,2026-05-09T17:29:17Z
IR,Ingersoll Rand,Industrials,Industrial Machinery & Supplies & Components,"Davidson, North Carolina",2020-03-03,0001699150,1859,https://en.wikipedia.org/wiki/List_of_S%26P_500_companies,2026-05-09T17:29:17Z
PODD,Insulet Corporation,Health Care,Health Care Equipment,"Acton, Massachusetts",2023-03-15,0001145197,2000,https://en.wikipedia.org/wiki/List_of_S%26P_500_companies,2026-05-09T17:29:17Z
INTC,Intel,Information Technology,Semiconductors,"Santa Clara, California",1976-12-31,0000050863,1968,https://en.wikipedia.org/wiki/List_of_S%26P_500_companies,2026-05-09T17:29:17Z
IBKR,Interactive Brokers,Financials,Investment Banking & Brokerage,"Greenwich, Connecticut",2025-08-28,0001381197,1977,https://en.wikipedia.org/wiki/List_of_S%26P_500_companies,2026-05-09T17:29:17Z
ICE,Intercontinental Exchange,Financials,Financial Exchanges & Data,"Atlanta, Georgia",2007-09-26,0001571949,2000,https://en.wikipedia.org/wiki/List_of_S%26P_500_companies,2026-05-09T17:29:17Z
IFF,International Flavors & Fragrances,Materials,Specialty Chemicals,"New York City, New York",1976-03-31,0000051253,1958 (1889),https://en.wikipedia.org/wiki/List_of_S%26P_500_companies,2026-05-09T17:29:17Z
IP,International Paper,Materials,Paper & Plastic Packaging Products & Materials,"Memphis, Tennessee",1957-03-04,0000051434,1898,https://en.wikipedia.org/wiki/List_of_S%26P_500_companies,2026-05-09T17:29:17Z
INTU,Intuit,Information Technology,Application Software,"Mountain View, California",2000-12-05,0000896878,1983,https://en.wikipedia.org/wiki/List_of_S%26P_500_companies,2026-05-09T17:29:17Z
ISRG,Intuitive Surgical,Health Care,Health Care Equipment,"Sunnyvale, California",2008-06-02,0001035267,1995,https://en.wikipedia.org/wiki/List_of_S%26P_500_companies,2026-05-09T17:29:17Z
IVZ,Invesco,Financials,Asset Management & Custody Banks,"Atlanta, Georgia",2008-08-21,0000914208,1935,https://en.wikipedia.org/wiki/List_of_S%26P_500_companies,2026-05-09T17:29:17Z
INVH,Invitation Homes,Real Estate,Single-Family Residential REITs,"Dallas, Texas",2022-09-19,0001687229,2012,https://en.wikipedia.org/wiki/List_of_S%26P_500_companies,2026-05-09T17:29:17Z
IQV,IQVIA,Health Care,Life Sciences Tools & Services,"Durham, North Carolina",2017-08-29,0001478242,1982,https://en.wikipedia.org/wiki/List_of_S%26P_500_companies,2026-05-09T17:29:17Z
IRM,Iron Mountain,Real Estate,Other Specialized REITs,"Portsmouth, New Hampshire",2009-01-06,0001020569,1951,https://en.wikipedia.org/wiki/List_of_S%26P_500_companies,2026-05-09T17:29:17Z
JBHT,J.B. Hunt,Industrials,Cargo Ground Transportation,"Lowell, Arkansas",2015-07-01,0000728535,1961,https://en.wikipedia.org/wiki/List_of_S%26P_500_companies,2026-05-09T17:29:17Z
JBL,Jabil,Information Technology,Electronic Manufacturing Services,"St. Petersburg, Florida",2023-12-18,0000898293,1966,https://en.wikipedia.org/wiki/List_of_S%26P_500_companies,2026-05-09T17:29:17Z
JKHY,Jack Henry & Associates,Financials,Transaction & Payment Processing Services,"Monett, Missouri",2018-11-13,0000779152,1976,https://en.wikipedia.org/wiki/List_of_S%26P_500_companies,2026-05-09T17:29:17Z
J,Jacobs Solutions,Industrials,Construction & Engineering,"Dallas, Texas",2007-10-26,0000052988,1947,https://en.wikipedia.org/wiki/List_of_S%26P_500_companies,2026-05-09T17:29:17Z
JNJ,Johnson & Johnson,Health Care,Pharmaceuticals,"New Brunswick, New Jersey",1973-06-30,0000200406,1886,https://en.wikipedia.org/wiki/List_of_S%26P_500_companies,2026-05-09T17:29:17Z
JCI,Johnson Controls,Industrials,Building Products,"Cork, Ireland",2010-08-27,0000833444,1885,https://en.wikipedia.org/wiki/List_of_S%26P_500_companies,2026-05-09T17:29:17Z
JPM,JPMorgan Chase,Financials,Diversified Banks,"New York City, New York",1975-06-30,0000019617,2000 (1799 / 1871),https://en.wikipedia.org/wiki/List_of_S%26P_500_companies,2026-05-09T17:29:17Z
KVUE,Kenvue,Consumer Staples,Personal Care Products,"Skillman, New Jersey",2023-08-25,0001944048,2022 (Johnson & Johnsonspinoff),https://en.wikipedia.org/wiki/List_of_S%26P_500_companies,2026-05-09T17:29:17Z
KDP,Keurig Dr Pepper,Consumer Staples,Soft Drinks & Non-alcoholic Beverages,"Burlington, Massachusetts",2022-06-21,0001418135,1981,https://en.wikipedia.org/wiki/List_of_S%26P_500_companies,2026-05-09T17:29:17Z
KEY,KeyCorp,Financials,Regional Banks,"Cleveland, Ohio",1994-03-01,0000091576,1825,https://en.wikipedia.org/wiki/List_of_S%26P_500_companies,2026-05-09T17:29:17Z
KEYS,Keysight Technologies,Information Technology,Electronic Equipment & Instruments,"Santa Rosa, California",2018-11-06,0001601046,2014 (1939),https://en.wikipedia.org/wiki/List_of_S%26P_500_companies,2026-05-09T17:29:17Z
KMB,Kimberly-Clark,Consumer Staples,Household Products,"Irving, Texas",1957-03-04,0000055785,1872,https://en.wikipedia.org/wiki/List_of_S%26P_500_companies,2026-05-09T17:29:17Z
KIM,Kimco Realty,Real Estate,Retail REITs,"Jericho, New York",2006-04-04,0000879101,1958,https://en.wikipedia.org/wiki/List_of_S%26P_500_companies,2026-05-09T17:29:17Z
KMI,Kinder Morgan,Energy,Oil & Gas Storage & Transportation,"Houston, Texas",2012-05-25,0001506307,1997,https://en.wikipedia.org/wiki/List_of_S%26P_500_companies,2026-05-09T17:29:17Z
KKR,KKR & Co.,Financials,Asset Management & Custody Banks,"New York City, New York",2024-06-24,0001404912,1976,https://en.wikipedia.org/wiki/List_of_S%26P_500_companies,2026-05-09T17:29:17Z
KLAC,KLA Corporation,Information Technology,Semiconductor Materials & Equipment,"Milpitas, California",1997-09-30,0000319201,1975/1977 (1997),https://en.wikipedia.org/wiki/List_of_S%26P_500_companies,2026-05-09T17:29:17Z
KHC,Kraft Heinz,Consumer Staples,Packaged Foods & Meats,"Chicago, Illinois;Pittsburgh, Pennsylvania",2015-07-06,0001637459,2015 (1869),https://en.wikipedia.org/wiki/List_of_S%26P_500_companies,2026-05-09T17:29:17Z
KR,Kroger,Consumer Staples,Food Retail,"Cincinnati, Ohio",1957-03-04,0000056873,1883,https://en.wikipedia.org/wiki/List_of_S%26P_500_companies,2026-05-09T17:29:17Z
LHX,L3Harris,Industrials,Aerospace & Defense,"Melbourne, Florida",2008-09-22,0000202058,"2019 (L31997,Harris1895)",https://en.wikipedia.org/wiki/List_of_S%26P_500_companies,2026-05-09T17:29:17Z
LH,Labcorp,Health Care,Health Care Services,"Burlington, North Carolina",2004-11-01,0000920148,1978,https://en.wikipedia.org/wiki/List_of_S%26P_500_companies,2026-05-09T17:29:17Z
LRCX,Lam Research,Information Technology,Semiconductor Materials & Equipment,"Fremont, California",2012-06-29,0000707549,1980,https://en.wikipedia.org/wiki/List_of_S%26P_500_companies,2026-05-09T17:29:17Z
LVS,Las Vegas Sands,Consumer Discretionary,Casinos & Gaming,"Las Vegas, Nevada",2019-10-03,0001300514,1988,https://en.wikipedia.org/wiki/List_of_S%26P_500_companies,2026-05-09T17:29:17Z
LDOS,Leidos,Industrials,Diversified Support Services,"Reston, Virginia",2019-08-09,0001336920,1969,https://en.wikipedia.org/wiki/List_of_S%26P_500_companies,2026-05-09T17:29:17Z
LEN,Lennar,Consumer Discretionary,Homebuilding,"Miami, Florida",2005-10-04,0000920760,1954,https://en.wikipedia.org/wiki/List_of_S%26P_500_companies,2026-05-09T17:29:17Z
LII,Lennox International,Industrials,Building Products,"Richardson, Texas",2024-12-23,0001069202,1895,https://en.wikipedia.org/wiki/List_of_S%26P_500_companies,2026-05-09T17:29:17Z
LLY,Lilly (Eli),Health Care,Pharmaceuticals,"Indianapolis, Indiana",1970-12-31,0000059478,1876,https://en.wikipedia.org/wiki/List_of_S%26P_500_companies,2026-05-09T17:29:17Z
LIN,Linde plc,Materials,Industrial Gases,"Guildford, United Kingdom",1992-07-01,0001707925,1879,https://en.wikipedia.org/wiki/List_of_S%26P_500_companies,2026-05-09T17:29:17Z
LYV,Live Nation Entertainment,Communication Services,Movies & Entertainment,"Beverly Hills, California",2019-12-23,0001335258,2010,https://en.wikipedia.org/wiki/List_of_S%26P_500_companies,2026-05-09T17:29:17Z
LMT,Lockheed Martin,Industrials,Aerospace & Defense,"Bethesda, Maryland",1957-03-04,0000936468,1995,https://en.wikipedia.org/wiki/List_of_S%26P_500_companies,2026-05-09T17:29:17Z
L,Loews Corporation,Financials,Multi-line Insurance,"New York City, New York",1995-05-31,0000060086,1959,https://en.wikipedia.org/wiki/List_of_S%26P_500_companies,2026-05-09T17:29:17Z
LOW,Lowe's,Consumer Discretionary,Home Improvement Retail,"Mooresville, North Carolina",1984-02-29,0000060667,1904/1946/1959,https://en.wikipedia.org/wiki/List_of_S%26P_500_companies,2026-05-09T17:29:17Z
LULU,Lululemon Athletica,Consumer Discretionary,"Apparel, Accessories & Luxury Goods","Vancouver, Canada",2023-10-18,0001397187,1998,https://en.wikipedia.org/wiki/List_of_S%26P_500_companies,2026-05-09T17:29:17Z
LITE,Lumentum,Information Technology,Communications Equipment,"San Jose, California",2026-03-23,0001633978,2015,https://en.wikipedia.org/wiki/List_of_S%26P_500_companies,2026-05-09T17:29:17Z
LYB,LyondellBasell,Materials,Specialty Chemicals,"Rotterdam, Netherlands",2012-09-05,0001489393,2007,https://en.wikipedia.org/wiki/List_of_S%26P_500_companies,2026-05-09T17:29:17Z
MTB,M&T Bank,Financials,Regional Banks,"Buffalo, New York",2004-02-23,0000036270,1856,https://en.wikipedia.org/wiki/List_of_S%26P_500_companies,2026-05-09T17:29:17Z
MPC,Marathon Petroleum,Energy,Oil & Gas Refining & Marketing,"Findlay, Ohio",2011-07-01,0001510295,2009 (1887),https://en.wikipedia.org/wiki/List_of_S%26P_500_companies,2026-05-09T17:29:17Z
MAR,Marriott International,Consumer Discretionary,"Hotels, Resorts & Cruise Lines","Bethesda, Maryland",1998-05-29,0001048286,1927,https://en.wikipedia.org/wiki/List_of_S%26P_500_companies,2026-05-09T17:29:17Z
MRSH,Marsh McLennan,Financials,Insurance Brokers,"New York City, New York",1987-08-31,0000062709,1905,https://en.wikipedia.org/wiki/List_of_S%26P_500_companies,2026-05-09T17:29:17Z
MLM,Martin Marietta Materials,Materials,Construction Materials,"Raleigh, North Carolina",2014-07-02,0000916076,1993,https://en.wikipedia.org/wiki/List_of_S%26P_500_companies,2026-05-09T17:29:17Z
MAS,Masco,Industrials,Building Products,"Livonia, Michigan",1981-06-30,0000062996,1929,https://en.wikipedia.org/wiki/List_of_S%26P_500_companies,2026-05-09T17:29:17Z
MA,Mastercard,Financials,Transaction & Payment Processing Services,"Harrison, New York",2008-07-18,0001141391,1966,https://en.wikipedia.org/wiki/List_of_S%26P_500_companies,2026-05-09T17:29:17Z
MKC,McCormick & Company,Consumer Staples,Packaged Foods & Meats,"Hunt Valley, Maryland",2003-03-20,0000063754,1889,https://en.wikipedia.org/wiki/List_of_S%26P_500_companies,2026-05-09T17:29:17Z
MCD,McDonald's,Consumer Discretionary,Restaurants,"Chicago, Illinois",1970-06-30,0000063908,1940,https://en.wikipedia.org/wiki/List_of_S%26P_500_companies,2026-05-09T17:29:17Z
MCK,McKesson Corporation,Health Care,Health Care Distributors,"Irving, Texas",1999-01-13,0000927653,1833,https://en.wikipedia.org/wiki/List_of_S%26P_500_companies,2026-05-09T17:29:17Z
MDT,Medtronic,Health Care,Health Care Equipment,"Galway, Ireland",1986-10-31,0001613103,1949,https://en.wikipedia.org/wiki/List_of_S%26P_500_companies,2026-05-09T17:29:17Z
MRK,Merck & Co.,Health Care,Pharmaceuticals,"Kenilworth, New Jersey",1957-03-04,0000310158,1891,https://en.wikipedia.org/wiki/List_of_S%26P_500_companies,2026-05-09T17:29:17Z
META,Meta Platforms,Communication Services,Interactive Media & Services,"Menlo Park, California",2013-12-23,0001326801,2004,https://en.wikipedia.org/wiki/List_of_S%26P_500_companies,2026-05-09T17:29:17Z
MET,MetLife,Financials,Life & Health Insurance,"New York City, New York",2000-12-11,0001099219,1868,https://en.wikipedia.org/wiki/List_of_S%26P_500_companies,2026-05-09T17:29:17Z
MTD,Mettler Toledo,Health Care,Life Sciences Tools & Services,"Columbus, Ohio",2016-09-06,0001037646,1945,https://en.wikipedia.org/wiki/List_of_S%26P_500_companies,2026-05-09T17:29:17Z
MGM,MGM Resorts,Consumer Discretionary,Casinos & Gaming,"Paradise, Nevada",2017-07-26,0000789570,1986,https://en.wikipedia.org/wiki/List_of_S%26P_500_companies,2026-05-09T17:29:17Z
MCHP,Microchip Technology,Information Technology,Semiconductors,"Chandler, Arizona",2007-09-07,0000827054,1989,https://en.wikipedia.org/wiki/List_of_S%26P_500_companies,2026-05-09T17:29:17Z
MU,Micron Technology,Information Technology,Semiconductors,"Boise, Idaho",1994-09-27,0000723125,1978,https://en.wikipedia.org/wiki/List_of_S%26P_500_companies,2026-05-09T17:29:17Z
MSFT,Microsoft,Information Technology,Systems Software,"Redmond, Washington",1994-06-01,0000789019,1975,https://en.wikipedia.org/wiki/List_of_S%26P_500_companies,2026-05-09T17:29:17Z
MAA,Mid-America Apartment Communities,Real Estate,Multi-Family Residential REITs,"Memphis, Tennessee",2016-12-02,0000912595,1977,https://en.wikipedia.org/wiki/List_of_S%26P_500_companies,2026-05-09T17:29:17Z
MRNA,Moderna,Health Care,Biotechnology,"Cambridge, Massachusetts",2021-07-21,0001682852,2010,https://en.wikipedia.org/wiki/List_of_S%26P_500_companies,2026-05-09T17:29:17Z
TAP,Molson Coors Beverage Company,Consumer Staples,Brewers,"Chicago, Illinois",1976-06-30,0000024545,"2005 (Molson 1786, Coors 1873)",https://en.wikipedia.org/wiki/List_of_S%26P_500_companies,2026-05-09T17:29:17Z
MDLZ,Mondelez International,Consumer Staples,Packaged Foods & Meats,"Chicago, Illinois",2012-10-02,0001103982,2012,https://en.wikipedia.org/wiki/List_of_S%26P_500_companies,2026-05-09T17:29:17Z
MPWR,Monolithic Power Systems,Information Technology,Semiconductors,"Kirkland, Washington",2021-02-12,0001280452,1997,https://en.wikipedia.org/wiki/List_of_S%26P_500_companies,2026-05-09T17:29:17Z
MNST,Monster Beverage,Consumer Staples,Soft Drinks & Non-alcoholic Beverages,"Corona, California",2012-06-28,0000865752,2012 (1935),https://en.wikipedia.org/wiki/List_of_S%26P_500_companies,2026-05-09T17:29:17Z
MCO,Moody's Corporation,Financials,Financial Exchanges & Data,"New York City, New York",1998-07-01,0001059556,1909,https://en.wikipedia.org/wiki/List_of_S%26P_500_companies,2026-05-09T17:29:17Z
MS,Morgan Stanley,Financials,Investment Banking & Brokerage,"New York City, New York",1993-07-29,0000895421,1935,https://en.wikipedia.org/wiki/List_of_S%26P_500_companies,2026-05-09T17:29:17Z
MOS,Mosaic Company (The),Materials,Fertilizers & Agricultural Chemicals,"Tampa, Florida",2011-09-26,0001285785,2004 (1865 / 1909),https://en.wikipedia.org/wiki/List_of_S%26P_500_companies,2026-05-09T17:29:17Z
MSI,Motorola Solutions,Information Technology,Communications Equipment,"Chicago, Illinois",1957-03-04,0000068505,1928 (2011),https://en.wikipedia.org/wiki/List_of_S%26P_500_companies,2026-05-09T17:29:17Z
MSCI,MSCI Inc.,Financials,Financial Exchanges & Data,"New York City, New York",2018-04-04,0001408198,1969,https://en.wikipedia.org/wiki/List_of_S%26P_500_companies,2026-05-09T17:29:17Z
NDAQ,"Nasdaq, Inc.",Financials,Financial Exchanges & Data,"New York City, New York",2008-10-22,0001120193,1971,https://en.wikipedia.org/wiki/List_of_S%26P_500_companies,2026-05-09T17:29:17Z
NTAP,NetApp,Information Technology,"Technology Hardware, Storage & Peripherals","San Jose, California",1999-06-25,0001002047,1992,https://en.wikipedia.org/wiki/List_of_S%26P_500_companies,2026-05-09T17:29:17Z
NFLX,Netflix,Communication Services,Movies & Entertainment,"Los Gatos, California",2010-12-20,0001065280,1997,https://en.wikipedia.org/wiki/List_of_S%26P_500_companies,2026-05-09T17:29:17Z
NEM,Newmont,Materials,Gold,"Denver, Colorado",1969-06-30,0001164727,1921,https://en.wikipedia.org/wiki/List_of_S%26P_500_companies,2026-05-09T17:29:17Z
NWSA,News Corp(Class A),Communication Services,Publishing,"New York City, New York",2013-08-01,0001564708,2013 (News Corporation1980),https://en.wikipedia.org/wiki/List_of_S%26P_500_companies,2026-05-09T17:29:17Z
NWS,News Corp(Class B),Communication Services,Publishing,"New York City, New York",2015-09-18,0001564708,2013 (News Corporation1980),https://en.wikipedia.org/wiki/List_of_S%26P_500_companies,2026-05-09T17:29:17Z
NEE,NextEra Energy,Utilities,Multi-Utilities,"Juno Beach, Florida",1976-06-30,0000753308,1984 (1925),https://en.wikipedia.org/wiki/List_of_S%26P_500_companies,2026-05-09T17:29:17Z
NKE,"Nike, Inc.",Consumer Discretionary,"Apparel, Accessories & Luxury Goods","Washington County, Oregon",1988-11-30,0000320187,1964,https://en.wikipedia.org/wiki/List_of_S%26P_500_companies,2026-05-09T17:29:17Z
NI,NiSource,Utilities,Multi-Utilities,"Merrillville, Indiana",2000-11-02,0001111711,1912,https://en.wikipedia.org/wiki/List_of_S%26P_500_companies,2026-05-09T17:29:17Z
NDSN,Nordson Corporation,Industrials,Industrial Machinery & Supplies & Components,"Westlake, Ohio",2022-02-15,0000072331,1935,https://en.wikipedia.org/wiki/List_of_S%26P_500_companies,2026-05-09T17:29:17Z
NSC,Norfolk Southern,Industrials,Rail Transportation,"Atlanta, Georgia",1957-03-04,0000702165,1881/1894 (1980),https://en.wikipedia.org/wiki/List_of_S%26P_500_companies,2026-05-09T17:29:17Z
NTRS,Northern Trust,Financials,Asset Management & Custody Banks,"Chicago, Illinois",1998-01-30,0000073124,1889,https://en.wikipedia.org/wiki/List_of_S%26P_500_companies,2026-05-09T17:29:17Z
NOC,Northrop Grumman,Industrials,Aerospace & Defense,"West Falls Church, Virginia[3]",1957-03-04,0001133421,"1994 (Northrop 1939, Grumman 1930)",https://en.wikipedia.org/wiki/List_of_S%26P_500_companies,2026-05-09T17:29:17Z
NCLH,Norwegian Cruise Line Holdings,Consumer Discretionary,"Hotels, Resorts & Cruise Lines","Miami-Dade County, Florida[4]",2017-10-13,0001513761,2011 (1966),https://en.wikipedia.org/wiki/List_of_S%26P_500_companies,2026-05-09T17:29:17Z
NRG,NRG Energy,Utilities,Independent Power Producers & Energy Traders,"Houston, Texas",2010-01-29,0001013871,1992,https://en.wikipedia.org/wiki/List_of_S%26P_500_companies,2026-05-09T17:29:17Z
NUE,Nucor,Materials,Steel,"Charlotte, North Carolina",1985-04-30,0000073309,1940,https://en.wikipedia.org/wiki/List_of_S%26P_500_companies,2026-05-09T17:29:17Z
NVDA,Nvidia,Information Technology,Semiconductors,"Santa Clara, California",2001-11-30,0001045810,1993,https://en.wikipedia.org/wiki/List_of_S%26P_500_companies,2026-05-09T17:29:17Z
NVR,"NVR, Inc.",Consumer Discretionary,Homebuilding,"Reston, Virginia",2019-09-26,0000906163,1980,https://en.wikipedia.org/wiki/List_of_S%26P_500_companies,2026-05-09T17:29:17Z
NXPI,NXP Semiconductors,Information Technology,Semiconductors,"Eindhoven, Netherlands",2021-03-22,0001413447,1953,https://en.wikipedia.org/wiki/List_of_S%26P_500_companies,2026-05-09T17:29:17Z
ORLY,O’Reilly Automotive,Consumer Discretionary,Automotive Retail,"Springfield, Missouri",2009-03-27,0000898173,1957,https://en.wikipedia.org/wiki/List_of_S%26P_500_companies,2026-05-09T17:29:17Z
OXY,Occidental Petroleum,Energy,Oil & Gas Exploration & Production,"Houston, Texas",1957-03-04,0000797468,1920,https://en.wikipedia.org/wiki/List_of_S%26P_500_companies,2026-05-09T17:29:17Z
ODFL,Old Dominion,Industrials,Cargo Ground Transportation,"Thomasville, North Carolina",2019-12-09,0000878927,1934,https://en.wikipedia.org/wiki/List_of_S%26P_500_companies,2026-05-09T17:29:17Z
OMC,Omnicom Group,Communication Services,Advertising,"New York City, New York",1997-12-31,0000029989,1986,https://en.wikipedia.org/wiki/List_of_S%26P_500_companies,2026-05-09T17:29:17Z
ON,ON Semiconductor,Information Technology,Semiconductors,"Phoenix, Arizona",2022-06-21,0001097864,1999,https://en.wikipedia.org/wiki/List_of_S%26P_500_companies,2026-05-09T17:29:17Z
OKE,Oneok,Energy,Oil & Gas Storage & Transportation,"Tulsa, Oklahoma",2010-03-15,0001039684,1906,https://en.wikipedia.org/wiki/List_of_S%26P_500_companies,2026-05-09T17:29:17Z
ORCL,Oracle Corporation,Information Technology,Application Software,"Austin, Texas",1989-08-31,0001341439,1977,https://en.wikipedia.org/wiki/List_of_S%26P_500_companies,2026-05-09T17:29:17Z
OTIS,Otis Worldwide,Industrials,Industrial Machinery & Supplies & Components,"Farmington, Connecticut",2020-04-03,0001781335,"2020 (1853,United Technologiesspinoff)",https://en.wikipedia.org/wiki/List_of_S%26P_500_companies,2026-05-09T17:29:17Z
PCAR,Paccar,Industrials,Construction Machinery & Heavy Transportation Equipment,"Bellevue, Washington",1980-12-31,0000075362,1905,https://en.wikipedia.org/wiki/List_of_S%26P_500_companies,2026-05-09T17:29:17Z
PKG,Packaging Corporation of America,Materials,Paper & Plastic Packaging Products & Materials,"Lake Forest, Illinois",2017-07-26,0000075677,1959,https://en.wikipedia.org/wiki/List_of_S%26P_500_companies,2026-05-09T17:29:17Z
PLTR,Palantir Technologies,Information Technology,Application Software,"Aventura, Florida",2024-09-23,0001321655,2003,https://en.wikipedia.org/wiki/List_of_S%26P_500_companies,2026-05-09T17:29:17Z
PANW,Palo Alto Networks,Information Technology,Systems Software,"Santa Clara, California",2023-06-20,0001327567,2005,https://en.wikipedia.org/wiki/List_of_S%26P_500_companies,2026-05-09T17:29:17Z
PSKY,Paramount Skydance Corporation,Communication Services,Movies & Entertainment,"Los Angeles, California",1994-09-30,0002041610,2025 (Paramount Pictures1912),https://en.wikipedia.org/wiki/List_of_S%26P_500_companies,2026-05-09T17:29:17Z
PH,Parker Hannifin,Industrials,Industrial Machinery & Supplies & Components,"Cleveland, Ohio",1985-11-30,0000076334,1917,https://en.wikipedia.org/wiki/List_of_S%26P_500_companies,2026-05-09T17:29:17Z
PAYX,Paychex,Industrials,Human Resource & Employment Services,"Penfield, New York",1998-10-01,0000723531,1971,https://en.wikipedia.org/wiki/List_of_S%26P_500_companies,2026-05-09T17:29:17Z
PYPL,PayPal,Financials,Transaction & Payment Processing Services,"San Jose, California",2015-07-20,0001633917,1998,https://en.wikipedia.org/wiki/List_of_S%26P_500_companies,2026-05-09T17:29:17Z
PNR,Pentair,Industrials,Industrial Machinery & Supplies & Components,"Worsley, United Kingdom",2012-10-01,0000077360,1966,https://en.wikipedia.org/wiki/List_of_S%26P_500_companies,2026-05-09T17:29:17Z
PEP,PepsiCo,Consumer Staples,Soft Drinks & Non-alcoholic Beverages,"Purchase, New York",1957-03-04,0000077476,1898,https://en.wikipedia.org/wiki/List_of_S%26P_500_companies,2026-05-09T17:29:17Z
PFE,Pfizer,Health Care,Pharmaceuticals,"New York City, New York",1957-03-04,0000078003,1849,https://en.wikipedia.org/wiki/List_of_S%26P_500_companies,2026-05-09T17:29:17Z
PCG,PG&E Corporation,Utilities,Multi-Utilities,"Oakland, California",2022-10-03,0001004980,1905,https://en.wikipedia.org/wiki/List_of_S%26P_500_companies,2026-05-09T17:29:17Z
PM,Philip Morris International,Consumer Staples,Tobacco,"New York City, New York",2008-03-31,0001413329,2008 (1847),https://en.wikipedia.org/wiki/List_of_S%26P_500_companies,2026-05-09T17:29:17Z
PSX,Phillips 66,Energy,Oil & Gas Refining & Marketing,"Houston, Texas",2012-05-01,0001534701,2012 (1917),https://en.wikipedia.org/wiki/List_of_S%26P_500_companies,2026-05-09T17:29:17Z
PNW,Pinnacle West Capital,Utilities,Multi-Utilities,"Phoenix, Arizona",1999-10-04,0000764622,1985,https://en.wikipedia.org/wiki/List_of_S%26P_500_companies,2026-05-09T17:29:17Z
PNC,PNC Financial Services,Financials,Diversified Banks,"Pittsburgh, Pennsylvania",1988-04-30,0000713676,1845,https://en.wikipedia.org/wiki/List_of_S%26P_500_companies,2026-05-09T17:29:17Z
POOL,Pool Corporation,Consumer Discretionary,Distributors,"Covington, Louisiana",2020-10-07,0000945841,1993,https://en.wikipedia.org/wiki/List_of_S%26P_500_companies,2026-05-09T17:29:17Z
PPG,PPG Industries,Materials,Specialty Chemicals,"Pittsburgh, Pennsylvania",1957-03-04,0000079879,1883,https://en.wikipedia.org/wiki/List_of_S%26P_500_companies,2026-05-09T17:29:17Z
PPL,PPL Corporation,Utilities,Electric Utilities,"Allentown, Pennsylvania",2001-10-01,0000922224,1920,https://en.wikipedia.org/wiki/List_of_S%26P_500_companies,2026-05-09T17:29:17Z
PFG,Principal Financial Group,Financials,Life & Health Insurance,"Des Moines, Iowa",2002-07-22,0001126328,1879,https://en.wikipedia.org/wiki/List_of_S%26P_500_companies,2026-05-09T17:29:17Z
PG,Procter & Gamble,Consumer Staples,Personal Care Products,"Cincinnati, Ohio",1957-03-04,0000080424,1837,https://en.wikipedia.org/wiki/List_of_S%26P_500_companies,2026-05-09T17:29:17Z
PGR,Progressive Corporation,Financials,Property & Casualty Insurance,"Mayfield Village, Ohio",1997-08-04,0000080661,1937,https://en.wikipedia.org/wiki/List_of_S%26P_500_companies,2026-05-09T17:29:17Z
PLD,Prologis,Real Estate,Industrial REITs,"San Francisco, California",2003-07-17,0001045609,1983,https://en.wikipedia.org/wiki/List_of_S%26P_500_companies,2026-05-09T17:29:17Z
PRU,Prudential Financial,Financials,Life & Health Insurance,"Newark, New Jersey",2002-07-22,0001137774,1875,https://en.wikipedia.org/wiki/List_of_S%26P_500_companies,2026-05-09T17:29:17Z
PEG,Public Service Enterprise Group,Utilities,Electric Utilities,"Newark, New Jersey",1957-03-04,0000788784,1903,https://en.wikipedia.org/wiki/List_of_S%26P_500_companies,2026-05-09T17:29:17Z
PTC,PTC Inc.,Information Technology,Application Software,"Boston, Massachusetts",2021-04-20,0000857005,1985,https://en.wikipedia.org/wiki/List_of_S%26P_500_companies,2026-05-09T17:29:17Z
PSA,Public Storage,Real Estate,Self-Storage REITs,"Glendale, California",2005-08-19,0001393311,1972,https://en.wikipedia.org/wiki/List_of_S%26P_500_companies,2026-05-09T17:29:17Z
PHM,PulteGroup,Consumer Discretionary,Homebuilding,"Atlanta, Georgia",1984-04-30,0000822416,1956,https://en.wikipedia.org/wiki/List_of_S%26P_500_companies,2026-05-09T17:29:17Z
PWR,Quanta Services,Industrials,Construction & Engineering,"Houston, Texas",2009-07-01,0001050915,1997,https://en.wikipedia.org/wiki/List_of_S%26P_500_companies,2026-05-09T17:29:17Z
QCOM,Qualcomm,Information Technology,Semiconductors,"San Diego, California",1999-07-22,0000804328,1985,https://en.wikipedia.org/wiki/List_of_S%26P_500_companies,2026-05-09T17:29:17Z
DGX,Quest Diagnostics,Health Care,Health Care Services,"Secaucus, New Jersey",2002-12-12,0001022079,1967,https://en.wikipedia.org/wiki/List_of_S%26P_500_companies,2026-05-09T17:29:17Z
Q,Qnity Electronics,Information Technology,Semiconductor Materials & Equipment,"Wilmington, Delaware",2025-11-03,0002058873,2025,https://en.wikipedia.org/wiki/List_of_S%26P_500_companies,2026-05-09T17:29:17Z
RL,Ralph Lauren Corporation,Consumer Discretionary,"Apparel, Accessories & Luxury Goods","New York City, New York",2007-02-02,0001037038,1967,https://en.wikipedia.org/wiki/List_of_S%26P_500_companies,2026-05-09T17:29:17Z
RJF,Raymond James Financial,Financials,Investment Banking & Brokerage,"St. Petersburg, Florida",2017-03-20,0000720005,1962,https://en.wikipedia.org/wiki/List_of_S%26P_500_companies,2026-05-09T17:29:17Z
RTX,RTX Corporation,Industrials,Aerospace & Defense,"Waltham, Massachusetts",1957-03-04,0000101829,1922,https://en.wikipedia.org/wiki/List_of_S%26P_500_companies,2026-05-09T17:29:17Z
O,Realty Income,Real Estate,Retail REITs,"San Diego, California",2015-04-07,0000726728,1969,https://en.wikipedia.org/wiki/List_of_S%26P_500_companies,2026-05-09T17:29:17Z
REG,Regency Centers,Real Estate,Retail REITs,"Jacksonville, Florida",2017-03-02,0000910606,1963,https://en.wikipedia.org/wiki/List_of_S%26P_500_companies,2026-05-09T17:29:17Z
REGN,Regeneron Pharmaceuticals,Health Care,Biotechnology,"Tarrytown, New York",2013-05-01,0000872589,1988,https://en.wikipedia.org/wiki/List_of_S%26P_500_companies,2026-05-09T17:29:17Z
RF,Regions Financial Corporation,Financials,Regional Banks,"Birmingham, Alabama",1998-08-28,0001281761,1971,https://en.wikipedia.org/wiki/List_of_S%26P_500_companies,2026-05-09T17:29:17Z
RSG,Republic Services,Industrials,Environmental & Facilities Services,"Phoenix, Arizona",2008-12-05,0001060391,1998 (1981),https://en.wikipedia.org/wiki/List_of_S%26P_500_companies,2026-05-09T17:29:17Z
RMD,ResMed,Health Care,Health Care Equipment,"San Diego, California",2017-07-26,0000943819,1989,https://en.wikipedia.org/wiki/List_of_S%26P_500_companies,2026-05-09T17:29:17Z
RVTY,Revvity,Health Care,Health Care Equipment,"Waltham, Massachusetts",1985-05-31,0000031791,1937,https://en.wikipedia.org/wiki/List_of_S%26P_500_companies,2026-05-09T17:29:17Z
HOOD,Robinhood Markets,Financials,Investment Banking & Brokerage,"Menlo Park, California",2025-09-22,0001783879,2013,https://en.wikipedia.org/wiki/List_of_S%26P_500_companies,2026-05-09T17:29:17Z
ROK,Rockwell Automation,Industrials,Electrical Components & Equipment,"Milwaukee, Wisconsin",2000-03-12,0001024478,1903,https://en.wikipedia.org/wiki/List_of_S%26P_500_companies,2026-05-09T17:29:17Z
ROL,"Rollins, Inc.",Industrials,Environmental & Facilities Services,"Atlanta, Georgia",2018-10-01,0000084839,1948,https://en.wikipedia.org/wiki/List_of_S%26P_500_companies,2026-05-09T17:29:17Z
ROP,Roper Technologies,Information Technology,Electronic Equipment & Instruments,"Sarasota, Florida",2009-12-23,0000882835,1981,https://en.wikipedia.org/wiki/List_of_S%26P_500_companies,2026-05-09T17:29:17Z
ROST,Ross Stores,Consumer Discretionary,Apparel Retail,"Dublin, California",2009-12-21,0000745732,1982,https://en.wikipedia.org/wiki/List_of_S%26P_500_companies,2026-05-09T17:29:17Z
RCL,Royal Caribbean Group,Consumer Discretionary,"Hotels, Resorts & Cruise Lines","Miami, Florida",2014-12-05,0000884887,1997,https://en.wikipedia.org/wiki/List_of_S%26P_500_companies,2026-05-09T17:29:17Z
SPGI,S&P Global,Financials,Financial Exchanges & Data,"New York City, New York",1957-03-04,0000064040,1917,https://en.wikipedia.org/wiki/List_of_S%26P_500_companies,2026-05-09T17:29:17Z
CRM,Salesforce,Information Technology,Application Software,"San Francisco, California",2008-09-15,0001108524,1999,https://en.wikipedia.org/wiki/List_of_S%26P_500_companies,2026-05-09T17:29:17Z
SNDK,Sandisk,Information Technology,"Technology Hardware, Storage & Peripherals","Milpitas, California",2025-11-28,0002023554,1988,https://en.wikipedia.org/wiki/List_of_S%26P_500_companies,2026-05-09T17:29:17Z
SBAC,SBA Communications,Real Estate,Telecom Tower REITs,"Boca Raton, Florida",2017-09-01,0001034054,1989,https://en.wikipedia.org/wiki/List_of_S%26P_500_companies,2026-05-09T17:29:17Z
SLB,Schlumberger,Energy,Oil & Gas Equipment & Services,"Houston, Texas",1957-03-04,0000087347,1926,https://en.wikipedia.org/wiki/List_of_S%26P_500_companies,2026-05-09T17:29:17Z
STX,Seagate Technology,Information Technology,"Technology Hardware, Storage & Peripherals","Dublin, Ireland",2012-07-02,0001137789,1979,https://en.wikipedia.org/wiki/List_of_S%26P_500_companies,2026-05-09T17:29:17Z
SRE,Sempra,Utilities,Multi-Utilities,"San Diego, California",2017-03-17,0001032208,1998,https://en.wikipedia.org/wiki/List_of_S%26P_500_companies,2026-05-09T17:29:17Z
NOW,ServiceNow,Information Technology,Systems Software,"Santa Clara, California",2019-11-21,0001373715,2003,https://en.wikipedia.org/wiki/List_of_S%26P_500_companies,2026-05-09T17:29:17Z
SHW,Sherwin-Williams,Materials,Specialty Chemicals,"Cleveland, Ohio",1964-06-30,0000089800,1866,https://en.wikipedia.org/wiki/List_of_S%26P_500_companies,2026-05-09T17:29:17Z
SPG,Simon Property Group,Real Estate,Retail REITs,"Indianapolis, Indiana",2002-06-26,0001063761,2003,https://en.wikipedia.org/wiki/List_of_S%26P_500_companies,2026-05-09T17:29:17Z
SWKS,Skyworks Solutions,Information Technology,Semiconductors,"Irvine, California",2015-03-12,0000004127,2002,https://en.wikipedia.org/wiki/List_of_S%26P_500_companies,2026-05-09T17:29:17Z
SJM,J.M. Smucker Company (The),Consumer Staples,Packaged Foods & Meats,"Orrville, Ohio",2008-11-06,0000091419,1897,https://en.wikipedia.org/wiki/List_of_S%26P_500_companies,2026-05-09T17:29:17Z
SW,Smurfit Westrock,Materials,Paper & Plastic Packaging Products & Materials,"Dublin, Ireland",2024-07-08,0002005951,1934,https://en.wikipedia.org/wiki/List_of_S%26P_500_companies,2026-05-09T17:29:17Z
SNA,Snap-on,Industrials,Industrial Machinery & Supplies & Components,"Kenosha, Wisconsin",1982-09-30,0000091440,1920,https://en.wikipedia.org/wiki/List_of_S%26P_500_companies,2026-05-09T17:29:17Z
SOLV,Solventum,Health Care,Health Care Technology,"Saint Paul, Minnesota",2024-04-01,0001964738,2023,https://en.wikipedia.org/wiki/List_of_S%26P_500_companies,2026-05-09T17:29:17Z
SO,Southern Company,Utilities,Electric Utilities,"Atlanta, Georgia",1957-03-04,0000092122,1945,https://en.wikipedia.org/wiki/List_of_S%26P_500_companies,2026-05-09T17:29:17Z
LUV,Southwest Airlines,Industrials,Passenger Airlines,"Dallas, Texas",1994-07-01,0000092380,1967,https://en.wikipedia.org/wiki/List_of_S%26P_500_companies,2026-05-09T17:29:17Z
SWK,Stanley Black & Decker,Industrials,Industrial Machinery & Supplies & Components,"New Britain, Connecticut",1982-09-30,0000093556,1843,https://en.wikipedia.org/wiki/List_of_S%26P_500_companies,2026-05-09T17:29:17Z
SBUX,Starbucks,Consumer Discretionary,Restaurants,"Seattle, Washington",2000-06-07,0000829224,1971,https://en.wikipedia.org/wiki/List_of_S%26P_500_companies,2026-05-09T17:29:17Z
STT,State Street Corporation,Financials,Asset Management & Custody Banks,"Boston, Massachusetts",2003-03-14,0000093751,1792,https://en.wikipedia.org/wiki/List_of_S%26P_500_companies,2026-05-09T17:29:17Z
STLD,Steel Dynamics,Materials,Steel,"Fort Wayne, Indiana",2022-12-22,0001022671,1993,https://en.wikipedia.org/wiki/List_of_S%26P_500_companies,2026-05-09T17:29:17Z
STE,Steris,Health Care,Health Care Equipment,"Dublin, Ireland",2019-12-23,0001757898,1985,https://en.wikipedia.org/wiki/List_of_S%26P_500_companies,2026-05-09T17:29:17Z
SYK,Stryker Corporation,Health Care,Health Care Equipment,"Kalamazoo, Michigan",2000-12-12,0000310764,1941,https://en.wikipedia.org/wiki/List_of_S%26P_500_companies,2026-05-09T17:29:17Z
SMCI,Supermicro,Information Technology,"Technology Hardware, Storage & Peripherals","San Jose, California",2024-03-18,0001375365,1993,https://en.wikipedia.org/wiki/List_of_S%26P_500_companies,2026-05-09T17:29:17Z
SYF,Synchrony Financial,Financials,Consumer Finance,"Stamford, Connecticut",2015-11-18,0001601712,2003,https://en.wikipedia.org/wiki/List_of_S%26P_500_companies,2026-05-09T17:29:17Z
SNPS,Synopsys,Information Technology,Application Software,"Sunnyvale, California",2017-03-16,0000883241,1986,https://en.wikipedia.org/wiki/List_of_S%26P_500_companies,2026-05-09T17:29:17Z
SYY,Sysco,Consumer Staples,Food Distributors,"Houston, Texas",1986-12-31,0000096021,1969,https://en.wikipedia.org/wiki/List_of_S%26P_500_companies,2026-05-09T17:29:17Z
TMUS,T-Mobile US,Communication Services,Wireless Telecommunication Services,"Bellevue, Washington",2019-07-15,0001283699,1994,https://en.wikipedia.org/wiki/List_of_S%26P_500_companies,2026-05-09T17:29:17Z
TROW,T. Rowe Price,Financials,Asset Management & Custody Banks,"Baltimore, Maryland",2019-07-29,0001113169,1937,https://en.wikipedia.org/wiki/List_of_S%26P_500_companies,2026-05-09T17:29:17Z
TTWO,Take-Two Interactive,Communication Services,Interactive Home Entertainment,"New York City, New York",2018-03-19,0000946581,1993,https://en.wikipedia.org/wiki/List_of_S%26P_500_companies,2026-05-09T17:29:17Z
TPR,"Tapestry, Inc.",Consumer Discretionary,"Apparel, Accessories & Luxury Goods","New York City, New York",2004-09-01,0001116132,2017,https://en.wikipedia.org/wiki/List_of_S%26P_500_companies,2026-05-09T17:29:17Z
TRGP,Targa Resources,Energy,Oil & Gas Storage & Transportation,"Houston, Texas",2022-10-12,0001389170,2005,https://en.wikipedia.org/wiki/List_of_S%26P_500_companies,2026-05-09T17:29:17Z
TGT,Target Corporation,Consumer Staples,Consumer Staples Merchandise Retail,"Minneapolis, Minnesota",1976-12-31,0000027419,1902,https://en.wikipedia.org/wiki/List_of_S%26P_500_companies,2026-05-09T17:29:17Z
TEL,TE Connectivity,Information Technology,Electronic Manufacturing Services,"Galway, Ireland",2011-10-17,0001385157,2007,https://en.wikipedia.org/wiki/List_of_S%26P_500_companies,2026-05-09T17:29:17Z
TDY,Teledyne Technologies,Information Technology,Electronic Equipment & Instruments,"Thousand Oaks, California",2020-06-22,0001094285,1960,https://en.wikipedia.org/wiki/List_of_S%26P_500_companies,2026-05-09T17:29:17Z
TER,Teradyne,Information Technology,Semiconductor Materials & Equipment,"North Reading, Massachusetts",2020-09-21,0000097210,1960,https://en.wikipedia.org/wiki/List_of_S%26P_500_companies,2026-05-09T17:29:17Z
TSLA,"Tesla, Inc.",Consumer Discretionary,Automobile Manufacturers,"Austin, Texas",2020-12-21,0001318605,2003,https://en.wikipedia.org/wiki/List_of_S%26P_500_companies,2026-05-09T17:29:17Z
TXN,Texas Instruments,Information Technology,Semiconductors,"Dallas, Texas",2001-03-12,0000097476,1930,https://en.wikipedia.org/wiki/List_of_S%26P_500_companies,2026-05-09T17:29:17Z
TPL,Texas Pacific Land Corporation,Energy,Oil & Gas Exploration & Production,"Dallas, Texas",2024-11-26,0001811074,1888,https://en.wikipedia.org/wiki/List_of_S%26P_500_companies,2026-05-09T17:29:17Z
TXT,Textron,Industrials,Aerospace & Defense,"Providence, Rhode Island",1978-12-31,0000217346,1923,https://en.wikipedia.org/wiki/List_of_S%26P_500_companies,2026-05-09T17:29:17Z
TMO,Thermo Fisher Scientific,Health Care,Life Sciences Tools & Services,"Waltham, Massachusetts",2004-08-03,0000097745,2006 (1902),https://en.wikipedia.org/wiki/List_of_S%26P_500_companies,2026-05-09T17:29:17Z
TJX,TJX Companies,Consumer Discretionary,Apparel Retail,"Framingham, Massachusetts",1985-09-30,0000109198,1987,https://en.wikipedia.org/wiki/List_of_S%26P_500_companies,2026-05-09T17:29:17Z
TKO,TKO Group Holdings,Communication Services,Movies & Entertainment,"New York City, New York",2025-03-24,0001973266,2023,https://en.wikipedia.org/wiki/List_of_S%26P_500_companies,2026-05-09T17:29:17Z
TTD,Trade Desk (The),Communication Services,Advertising,"Ventura, California",2025-07-18,0001671933,2009,https://en.wikipedia.org/wiki/List_of_S%26P_500_companies,2026-05-09T17:29:17Z
TSCO,Tractor Supply,Consumer Discretionary,Other Specialty Retail,"Brentwood, Tennessee",2014-01-24,0000916365,1938,https://en.wikipedia.org/wiki/List_of_S%26P_500_companies,2026-05-09T17:29:17Z
TT,Trane Technologies,Industrials,Building Products,"Dublin, Ireland",2010-11-17,0001466258,1871,https://en.wikipedia.org/wiki/List_of_S%26P_500_companies,2026-05-09T17:29:17Z
TDG,TransDigm Group,Industrials,Aerospace & Defense,"Cleveland, Ohio",2016-06-03,0001260221,1993,https://en.wikipedia.org/wiki/List_of_S%26P_500_companies,2026-05-09T17:29:17Z
TRV,Travelers Companies (The),Financials,Property & Casualty Insurance,"New York City, New York",2002-08-21,0000086312,1853,https://en.wikipedia.org/wiki/List_of_S%26P_500_companies,2026-05-09T17:29:17Z
TRMB,Trimble Inc.,Information Technology,Application Software,"Westminster, Colorado",2021-01-21,0000864749,1978,https://en.wikipedia.org/wiki/List_of_S%26P_500_companies,2026-05-09T17:29:17Z
TFC,Truist Financial,Financials,Diversified Banks,"Charlotte, North Carolina",1997-12-04,0000092230,1872,https://en.wikipedia.org/wiki/List_of_S%26P_500_companies,2026-05-09T17:29:17Z
TYL,Tyler Technologies,Information Technology,Application Software,"Plano, Texas",2020-06-22,0000860731,1966,https://en.wikipedia.org/wiki/List_of_S%26P_500_companies,2026-05-09T17:29:17Z
TSN,Tyson Foods,Consumer Staples,Packaged Foods & Meats,"Springdale, Arkansas",2005-08-10,0000100493,1935,https://en.wikipedia.org/wiki/List_of_S%26P_500_companies,2026-05-09T17:29:17Z
USB,U.S. Bancorp,Financials,Diversified Banks,"Minneapolis, Minnesota",1999-11-01,0000036104,1968,https://en.wikipedia.org/wiki/List_of_S%26P_500_companies,2026-05-09T17:29:17Z
UBER,Uber,Industrials,Passenger Ground Transportation,"San Francisco, California",2023-12-18,0001543151,2009,https://en.wikipedia.org/wiki/List_of_S%26P_500_companies,2026-05-09T17:29:17Z
UDR,"UDR, Inc.",Real Estate,Multi-Family Residential REITs,"Highlands Ranch, Colorado",2016-03-07,0000074208,1972,https://en.wikipedia.org/wiki/List_of_S%26P_500_companies,2026-05-09T17:29:17Z
ULTA,Ulta Beauty,Consumer Discretionary,Other Specialty Retail,"Bolingbrook, Illinois",2016-04-18,0001403568,1990,https://en.wikipedia.org/wiki/List_of_S%26P_500_companies,2026-05-09T17:29:17Z
UNP,Union Pacific Corporation,Industrials,Rail Transportation,"Omaha, Nebraska",1957-03-04,0000100885,1862,https://en.wikipedia.org/wiki/List_of_S%26P_500_companies,2026-05-09T17:29:17Z
UAL,United Airlines Holdings,Industrials,Passenger Airlines,"Chicago, Illinois",2015-09-03,0000100517,1967,https://en.wikipedia.org/wiki/List_of_S%26P_500_companies,2026-05-09T17:29:17Z
UPS,United Parcel Service,Industrials,Air Freight & Logistics,"Sandy Springs, Georgia",2002-07-22,0001090727,1907,https://en.wikipedia.org/wiki/List_of_S%26P_500_companies,2026-05-09T17:29:17Z
URI,United Rentals,Industrials,Trading Companies & Distributors,"Stamford, Connecticut",2014-09-20,0001067701,1997,https://en.wikipedia.org/wiki/List_of_S%26P_500_companies,2026-05-09T17:29:17Z
UNH,UnitedHealth Group,Health Care,Managed Health Care,"Eden Prairie, Minnesota",1994-07-01,0000731766,1977,https://en.wikipedia.org/wiki/List_of_S%26P_500_companies,2026-05-09T17:29:17Z
UHS,Universal Health Services,Health Care,Health Care Facilities,"King of Prussia, Pennsylvania",2014-09-20,0000352915,1979,https://en.wikipedia.org/wiki/List_of_S%26P_500_companies,2026-05-09T17:29:17Z
VLO,Valero Energy,Energy,Oil & Gas Refining & Marketing,"San Antonio, Texas",2002-12-20,0001035002,1980,https://en.wikipedia.org/wiki/List_of_S%26P_500_companies,2026-05-09T17:29:17Z
VEEV,Veeva Systems,Health Care,Health Care Technology,"Pleasanton, California",2026-05-07,0001393052,2007,https://en.wikipedia.org/wiki/List_of_S%26P_500_companies,2026-05-09T17:29:17Z
VTR,Ventas,Real Estate,Health Care REITs,"Chicago, Illinois",2009-03-04,0000740260,1998,https://en.wikipedia.org/wiki/List_of_S%26P_500_companies,2026-05-09T17:29:17Z
VLTO,Veralto,Industrials,Environmental & Facilities Services,"Waltham, Massachusetts",2023-10-02,0001967680,2023,https://en.wikipedia.org/wiki/List_of_S%26P_500_companies,2026-05-09T17:29:17Z
VRSN,Verisign,Information Technology,Internet Services & Infrastructure,"Reston, Virginia",2006-02-01,0001014473,1995,https://en.wikipedia.org/wiki/List_of_S%26P_500_companies,2026-05-09T17:29:17Z
VRSK,Verisk Analytics,Industrials,Research & Consulting Services,"Jersey City, New Jersey",2015-10-08,0001442145,1971,https://en.wikipedia.org/wiki/List_of_S%26P_500_companies,2026-05-09T17:29:17Z
VZ,Verizon,Communication Services,Integrated Telecommunication Services,"New York City, New York",1983-11-30,0000732712,1983 (1877),https://en.wikipedia.org/wiki/List_of_S%26P_500_companies,2026-05-09T17:29:17Z
VRTX,Vertex Pharmaceuticals,Health Care,Biotechnology,"Boston, Massachusetts",2013-09-23,0000875320,1989,https://en.wikipedia.org/wiki/List_of_S%26P_500_companies,2026-05-09T17:29:17Z
VRT,Vertiv,Industrials,Electrical Components & Equipment,"Westerville, Ohio",2026-03-23,0001674101,2016,https://en.wikipedia.org/wiki/List_of_S%26P_500_companies,2026-05-09T17:29:17Z
VTRS,Viatris,Health Care,Pharmaceuticals,"Pittsburgh, Pennsylvania",2004-04-23,0001792044,1961,https://en.wikipedia.org/wiki/List_of_S%26P_500_companies,2026-05-09T17:29:17Z
VICI,Vici Properties,Real Estate,Hotel & Resort REITs,"New York City, New York",2022-06-08,0001705696,2017,https://en.wikipedia.org/wiki/List_of_S%26P_500_companies,2026-05-09T17:29:17Z
V,Visa Inc.,Financials,Transaction & Payment Processing Services,"San Francisco, California",2009-12-21,0001403161,1958,https://en.wikipedia.org/wiki/List_of_S%26P_500_companies,2026-05-09T17:29:17Z
VST,Vistra Corp.,Utilities,Electric Utilities,"Irving, Texas",2024-05-08,0001692819,2016,https://en.wikipedia.org/wiki/List_of_S%26P_500_companies,2026-05-09T17:29:17Z
VMC,Vulcan Materials Company,Materials,Construction Materials,"Birmingham, Alabama",1999-06-30,0001396009,1909,https://en.wikipedia.org/wiki/List_of_S%26P_500_companies,2026-05-09T17:29:17Z
WRB,W. R. Berkley Corporation,Financials,Property & Casualty Insurance,"Greenwich, Connecticut",2019-12-05,0000011544,1967,https://en.wikipedia.org/wiki/List_of_S%26P_500_companies,2026-05-09T17:29:17Z
GWW,W. W. Grainger,Industrials,Industrial Machinery & Supplies & Components,"Lake Forest, Illinois",1981-06-30,0000277135,1927,https://en.wikipedia.org/wiki/List_of_S%26P_500_companies,2026-05-09T17:29:17Z
WAB,Wabtec,Industrials,Construction Machinery & Heavy Transportation Equipment,"Pittsburgh, Pennsylvania",2019-02-27,0000943452,1999 (1869),https://en.wikipedia.org/wiki/List_of_S%26P_500_companies,2026-05-09T17:29:17Z
WMT,Walmart,Consumer Staples,Consumer Staples Merchandise Retail,"Bentonville, Arkansas",1982-08-31,0000104169,1962,https://en.wikipedia.org/wiki/List_of_S%26P_500_companies,2026-05-09T17:29:17Z
DIS,Walt Disney Company (The),Communication Services,Movies & Entertainment,"Burbank, California",1976-06-30,0001744489,1923,https://en.wikipedia.org/wiki/List_of_S%26P_500_companies,2026-05-09T17:29:17Z
WBD,Warner Bros. Discovery,Communication Services,Broadcasting,"New York City, New York",2022-04-11,0001437107,2022 (Warner Bros.1923),https://en.wikipedia.org/wiki/List_of_S%26P_500_companies,2026-05-09T17:29:17Z
WM,Waste Management,Industrials,Environmental & Facilities Services,"Houston, Texas",1998-08-31,0000823768,1968,https://en.wikipedia.org/wiki/List_of_S%26P_500_companies,2026-05-09T17:29:17Z
WAT,Waters Corporation,Health Care,Life Sciences Tools & Services,"Milford, Massachusetts",2002-01-02,0001000697,1958,https://en.wikipedia.org/wiki/List_of_S%26P_500_companies,2026-05-09T17:29:17Z
WEC,WEC Energy Group,Utilities,Electric Utilities,"Milwaukee, Wisconsin",2008-10-31,0000783325,1896,https://en.wikipedia.org/wiki/List_of_S%26P_500_companies,2026-05-09T17:29:17Z
WFC,Wells Fargo,Financials,Diversified Banks,"San Francisco, California",1976-06-30,0000072971,1852,https://en.wikipedia.org/wiki/List_of_S%26P_500_companies,2026-05-09T17:29:17Z
WELL,Welltower,Real Estate,Health Care REITs,"Toledo, Ohio",2009-01-30,0000766704,1970,https://en.wikipedia.org/wiki/List_of_S%26P_500_companies,2026-05-09T17:29:17Z
WST,West Pharmaceutical Services,Health Care,Health Care Supplies,"Exton, Pennsylvania",2020-05-22,0000105770,1923,https://en.wikipedia.org/wiki/List_of_S%26P_500_companies,2026-05-09T17:29:17Z
WDC,Western Digital,Information Technology,"Technology Hardware, Storage & Peripherals","San Jose, California",2009-07-01,0000106040,1970,https://en.wikipedia.org/wiki/List_of_S%26P_500_companies,2026-05-09T17:29:17Z
WY,Weyerhaeuser,Real Estate,Timber REITs,"Seattle, Washington",1979-10-01,0000106535,1900,https://en.wikipedia.org/wiki/List_of_S%26P_500_companies,2026-05-09T17:29:17Z
WSM,"Williams-Sonoma, Inc.",Consumer Discretionary,Homefurnishing Retail,"San Francisco, California",2025-03-24,0000719955,1956,https://en.wikipedia.org/wiki/List_of_S%26P_500_companies,2026-05-09T17:29:17Z
WMB,Williams Companies,Energy,Oil & Gas Storage & Transportation,"Tulsa, Oklahoma",1975-03-31,0000107263,1908,https://en.wikipedia.org/wiki/List_of_S%26P_500_companies,2026-05-09T17:29:17Z
WTW,Willis Towers Watson,Financials,Insurance Brokers,"London, United Kingdom",2016-01-05,0001140536,2016,https://en.wikipedia.org/wiki/List_of_S%26P_500_companies,2026-05-09T17:29:17Z
WDAY,"Workday, Inc.",Information Technology,Application Software,"Pleasanton, California",2024-12-23,0001327811,2005,https://en.wikipedia.org/wiki/List_of_S%26P_500_companies,2026-05-09T17:29:17Z
WYNN,Wynn Resorts,Consumer Discretionary,Casinos & Gaming,"Paradise, Nevada",2008-11-14,0001174922,2002,https://en.wikipedia.org/wiki/List_of_S%26P_500_companies,2026-05-09T17:29:17Z
XEL,Xcel Energy,Utilities,Multi-Utilities,"Minneapolis, Minnesota",1957-03-04,0000072903,1909,https://en.wikipedia.org/wiki/List_of_S%26P_500_companies,2026-05-09T17:29:17Z
XYL,Xylem Inc.,Industrials,Industrial Machinery & Supplies & Components,"White Plains, New York",2011-11-01,0001524472,2011,https://en.wikipedia.org/wiki/List_of_S%26P_500_companies,2026-05-09T17:29:17Z
YUM,Yum! Brands,Consumer Discretionary,Restaurants,"Louisville, Kentucky",1997-10-06,0001041061,1997,https://en.wikipedia.org/wiki/List_of_S%26P_500_companies,2026-05-09T17:29:17Z
ZBRA,Zebra Technologies,Information Technology,Electronic Equipment & Instruments,"Lincolnshire, Illinois",2019-12-23,0000877212,1969,https://en.wikipedia.org/wiki/List_of_S%26P_500_companies,2026-05-09T17:29:17Z
ZBH,Zimmer Biomet,Health Care,Health Care Equipment,"Warsaw, Indiana",2001-08-07,0001136869,1927,https://en.wikipedia.org/wiki/List_of_S%26P_500_companies,2026-05-09T17:29:17Z
ZTS,Zoetis,Health Care,Pharmaceuticals,"Parsippany, New Jersey",2013-06-21,0001555280,1952,https://en.wikipedia.org/wiki/List_of_S%26P_500_companies,2026-05-09T17:29:17Z
